file,source_di,pedals
Chords_compressor_distortion_0.wav,Chords.wav,"compressor,distortion"
Chords_distortion_1.wav,Chords.wav,distortion
Chords_reverb_2.wav,Chords.wav,reverb
Chords_compressor_overdrive_delay_3.wav,Chords.wav,"compressor,overdrive,delay"
Chords_distortion_chorus_reverb_4.wav,Chords.wav,"distortion,chorus,reverb"
Chords_chorus_delay_reverb_5.wav,Chords.wav,"chorus,delay,reverb"
Chords_overdrive_6.wav,Chords.wav,overdrive
Chords_distortion_7.wav,Chords.wav,distortion
Chords_chorus_delay_reverb_8.wav,Chords.wav,"chorus,delay,reverb"
Chords_compressor_distortion_reverb_9.wav,Chords.wav,"compressor,distortion,reverb"
Chords_distortion_10.wav,Chords.wav,distortion
Chords_overdrive_reverb_11.wav,Chords.wav,"overdrive,reverb"
Chords_chorus_12.wav,Chords.wav,chorus
Chords_overdrive_delay_reverb_13.wav,Chords.wav,"overdrive,delay,reverb"
Chords_compressor_chorus_14.wav,Chords.wav,"compressor,chorus"
Chords_overdrive_15.wav,Chords.wav,overdrive
Chords_distortion_delay_16.wav,Chords.wav,"distortion,delay"
Chords_overdrive_reverb_17.wav,Chords.wav,"overdrive,reverb"
Chords_compressor_overdrive_reverb_18.wav,Chords.wav,"compressor,overdrive,reverb"
Chords_compressor_distortion_delay_reverb_19.wav,Chords.wav,"compressor,distortion,delay,reverb"
Chords_compressor_distortion_delay_20.wav,Chords.wav,"compressor,distortion,delay"
Chords_overdrive_chorus_delay_21.wav,Chords.wav,"overdrive,chorus,delay"
Chords_compressor_overdrive_chorus_22.wav,Chords.wav,"compressor,overdrive,chorus"
Chords_distortion_chorus_23.wav,Chords.wav,"distortion,chorus"
Chords_compressor_distortion_24.wav,Chords.wav,"compressor,distortion"
Chords_overdrive_chorus_25.wav,Chords.wav,"overdrive,chorus"
Chords_compressor_distortion_reverb_26.wav,Chords.wav,"compressor,distortion,reverb"
Chords_distortion_chorus_27.wav,Chords.wav,"distortion,chorus"
Chords_compressor_distortion_reverb_28.wav,Chords.wav,"compressor,distortion,reverb"
Chords_distortion_delay_reverb_29.wav,Chords.wav,"distortion,delay,reverb"
Chords_chorus_reverb_30.wav,Chords.wav,"chorus,reverb"
Chords_chorus_delay_31.wav,Chords.wav,"chorus,delay"
Chords_distortion_delay_32.wav,Chords.wav,"distortion,delay"
Chords_distortion_chorus_delay_reverb_33.wav,Chords.wav,"distortion,chorus,delay,reverb"
Chords_chorus_delay_reverb_34.wav,Chords.wav,"chorus,delay,reverb"
Chords_distortion_35.wav,Chords.wav,distortion
Chords_distortion_reverb_36.wav,Chords.wav,"distortion,reverb"
Chords_compressor_chorus_37.wav,Chords.wav,"compressor,chorus"
Chords_compressor_distortion_delay_38.wav,Chords.wav,"compressor,distortion,delay"
Chords_overdrive_delay_39.wav,Chords.wav,"overdrive,delay"
Chords_overdrive_reverb_40.wav,Chords.wav,"overdrive,reverb"
Chords_overdrive_41.wav,Chords.wav,overdrive
Chords_compressor_reverb_42.wav,Chords.wav,"compressor,reverb"
Chords_chorus_delay_43.wav,Chords.wav,"chorus,delay"
Chords_distortion_44.wav,Chords.wav,distortion
Chords_distortion_chorus_delay_45.wav,Chords.wav,"distortion,chorus,delay"
Chords_distortion_chorus_delay_reverb_46.wav,Chords.wav,"distortion,chorus,delay,reverb"
Chords_delay_47.wav,Chords.wav,delay
Chords_compressor_chorus_48.wav,Chords.wav,"compressor,chorus"
Chords_compressor_distortion_chorus_49.wav,Chords.wav,"compressor,distortion,chorus"
Chords_compressor_distortion_50.wav,Chords.wav,"compressor,distortion"
Chords_compressor_distortion_reverb_51.wav,Chords.wav,"compressor,distortion,reverb"
Chords_compressor_distortion_delay_52.wav,Chords.wav,"compressor,distortion,delay"
Chords_overdrive_53.wav,Chords.wav,overdrive
Chords_compressor_overdrive_54.wav,Chords.wav,"compressor,overdrive"
Chords_compressor_overdrive_chorus_delay_55.wav,Chords.wav,"compressor,overdrive,chorus,delay"
Chords_compressor_overdrive_56.wav,Chords.wav,"compressor,overdrive"
Chords_distortion_delay_57.wav,Chords.wav,"distortion,delay"
Chords_overdrive_chorus_58.wav,Chords.wav,"overdrive,chorus"
Chords_compressor_59.wav,Chords.wav,compressor
Chords_compressor_60.wav,Chords.wav,compressor
Chords_distortion_61.wav,Chords.wav,distortion
Chords_distortion_delay_reverb_62.wav,Chords.wav,"distortion,delay,reverb"
Chords_overdrive_reverb_63.wav,Chords.wav,"overdrive,reverb"
Chords_distortion_reverb_64.wav,Chords.wav,"distortion,reverb"
Chords_compressor_overdrive_delay_65.wav,Chords.wav,"compressor,overdrive,delay"
Chords_compressor_distortion_chorus_delay_66.wav,Chords.wav,"compressor,distortion,chorus,delay"
Chords_chorus_67.wav,Chords.wav,chorus
Chords_compressor_distortion_chorus_delay_reverb_68.wav,Chords.wav,"compressor,distortion,chorus,delay,reverb"
Chords_compressor_overdrive_delay_69.wav,Chords.wav,"compressor,overdrive,delay"
Chords_compressor_overdrive_chorus_70.wav,Chords.wav,"compressor,overdrive,chorus"
Chords_distortion_chorus_71.wav,Chords.wav,"distortion,chorus"
Chords_overdrive_72.wav,Chords.wav,overdrive
Chords_compressor_distortion_73.wav,Chords.wav,"compressor,distortion"
Chords_compressor_distortion_74.wav,Chords.wav,"compressor,distortion"
Chords_overdrive_75.wav,Chords.wav,overdrive
Chords_compressor_distortion_delay_76.wav,Chords.wav,"compressor,distortion,delay"
Chords_overdrive_77.wav,Chords.wav,overdrive
Chords_overdrive_reverb_78.wav,Chords.wav,"overdrive,reverb"
Chords_compressor_overdrive_79.wav,Chords.wav,"compressor,overdrive"
Chords_chorus_delay_80.wav,Chords.wav,"chorus,delay"
Chords_distortion_delay_81.wav,Chords.wav,"distortion,delay"
Chords_compressor_delay_82.wav,Chords.wav,"compressor,delay"
Chords_reverb_83.wav,Chords.wav,reverb
Chords_overdrive_84.wav,Chords.wav,overdrive
Chords_overdrive_delay_85.wav,Chords.wav,"overdrive,delay"
Chords_overdrive_delay_86.wav,Chords.wav,"overdrive,delay"
Chords_overdrive_87.wav,Chords.wav,overdrive
Chords_overdrive_chorus_delay_88.wav,Chords.wav,"overdrive,chorus,delay"
Chords_compressor_overdrive_chorus_89.wav,Chords.wav,"compressor,overdrive,chorus"
Chords_overdrive_delay_90.wav,Chords.wav,"overdrive,delay"
Chords_compressor_distortion_reverb_91.wav,Chords.wav,"compressor,distortion,reverb"
Chords_compressor_delay_92.wav,Chords.wav,"compressor,delay"
Chords_chorus_delay_93.wav,Chords.wav,"chorus,delay"
Chords_compressor_overdrive_chorus_reverb_94.wav,Chords.wav,"compressor,overdrive,chorus,reverb"
Chords_compressor_distortion_delay_95.wav,Chords.wav,"compressor,distortion,delay"
Chords_compressor_chorus_96.wav,Chords.wav,"compressor,chorus"
Chords_chorus_delay_97.wav,Chords.wav,"chorus,delay"
Chords_compressor_overdrive_chorus_delay_reverb_98.wav,Chords.wav,"compressor,overdrive,chorus,delay,reverb"
Chords_compressor_overdrive_delay_99.wav,Chords.wav,"compressor,overdrive,delay"
Chords_distortion_chorus_reverb_100.wav,Chords.wav,"distortion,chorus,reverb"
Chords_overdrive_delay_101.wav,Chords.wav,"overdrive,delay"
Chords_overdrive_102.wav,Chords.wav,overdrive
Chords_distortion_103.wav,Chords.wav,distortion
Chords_compressor_overdrive_reverb_104.wav,Chords.wav,"compressor,overdrive,reverb"
Chords_distortion_chorus_reverb_105.wav,Chords.wav,"distortion,chorus,reverb"
Chords_compressor_distortion_reverb_106.wav,Chords.wav,"compressor,distortion,reverb"
Chords_overdrive_delay_107.wav,Chords.wav,"overdrive,delay"
Chords_compressor_distortion_delay_reverb_108.wav,Chords.wav,"compressor,distortion,delay,reverb"
Chords_compressor_overdrive_reverb_109.wav,Chords.wav,"compressor,overdrive,reverb"
Chords_distortion_reverb_110.wav,Chords.wav,"distortion,reverb"
Chords_overdrive_chorus_111.wav,Chords.wav,"overdrive,chorus"
Chords_compressor_distortion_reverb_112.wav,Chords.wav,"compressor,distortion,reverb"
Chords_overdrive_chorus_reverb_113.wav,Chords.wav,"overdrive,chorus,reverb"
Chords_chorus_delay_reverb_114.wav,Chords.wav,"chorus,delay,reverb"
Chords_overdrive_reverb_115.wav,Chords.wav,"overdrive,reverb"
Chords_overdrive_chorus_reverb_116.wav,Chords.wav,"overdrive,chorus,reverb"
Chords_compressor_distortion_chorus_delay_reverb_117.wav,Chords.wav,"compressor,distortion,chorus,delay,reverb"
Chords_overdrive_118.wav,Chords.wav,overdrive
Chords_compressor_delay_reverb_119.wav,Chords.wav,"compressor,delay,reverb"
Chords_overdrive_chorus_120.wav,Chords.wav,"overdrive,chorus"
Chords_overdrive_delay_reverb_121.wav,Chords.wav,"overdrive,delay,reverb"
Chords_compressor_distortion_delay_reverb_122.wav,Chords.wav,"compressor,distortion,delay,reverb"
Chords_overdrive_123.wav,Chords.wav,overdrive
Chords_overdrive_delay_reverb_124.wav,Chords.wav,"overdrive,delay,reverb"
Chords_compressor_overdrive_delay_125.wav,Chords.wav,"compressor,overdrive,delay"
Chords_overdrive_126.wav,Chords.wav,overdrive
Chords_overdrive_reverb_127.wav,Chords.wav,"overdrive,reverb"
Chords_compressor_overdrive_chorus_reverb_128.wav,Chords.wav,"compressor,overdrive,chorus,reverb"
Chords_compressor_129.wav,Chords.wav,compressor
Chords_compressor_chorus_130.wav,Chords.wav,"compressor,chorus"
Chords_compressor_overdrive_reverb_131.wav,Chords.wav,"compressor,overdrive,reverb"
Chords_overdrive_reverb_132.wav,Chords.wav,"overdrive,reverb"
Chords_overdrive_133.wav,Chords.wav,overdrive
Chords_distortion_chorus_134.wav,Chords.wav,"distortion,chorus"
Chords_compressor_overdrive_135.wav,Chords.wav,"compressor,overdrive"
Chords_distortion_chorus_136.wav,Chords.wav,"distortion,chorus"
Chords_distortion_137.wav,Chords.wav,distortion
Chords_distortion_chorus_delay_138.wav,Chords.wav,"distortion,chorus,delay"
Chords_overdrive_139.wav,Chords.wav,overdrive
Chords_distortion_delay_140.wav,Chords.wav,"distortion,delay"
Chords_distortion_delay_141.wav,Chords.wav,"distortion,delay"
Chords_compressor_overdrive_142.wav,Chords.wav,"compressor,overdrive"
Chords_compressor_overdrive_chorus_delay_reverb_143.wav,Chords.wav,"compressor,overdrive,chorus,delay,reverb"
Chords_compressor_distortion_chorus_144.wav,Chords.wav,"compressor,distortion,chorus"
Chords_compressor_overdrive_chorus_reverb_145.wav,Chords.wav,"compressor,overdrive,chorus,reverb"
Chords_compressor_chorus_146.wav,Chords.wav,"compressor,chorus"
Chords_delay_147.wav,Chords.wav,delay
Chords_compressor_overdrive_chorus_delay_148.wav,Chords.wav,"compressor,overdrive,chorus,delay"
Chords_distortion_delay_reverb_149.wav,Chords.wav,"distortion,delay,reverb"
Chords_overdrive_150.wav,Chords.wav,overdrive
Chords_distortion_chorus_151.wav,Chords.wav,"distortion,chorus"
Chords_distortion_chorus_delay_152.wav,Chords.wav,"distortion,chorus,delay"
Chords_compressor_overdrive_chorus_delay_153.wav,Chords.wav,"compressor,overdrive,chorus,delay"
Chords_overdrive_reverb_154.wav,Chords.wav,"overdrive,reverb"
Chords_overdrive_reverb_155.wav,Chords.wav,"overdrive,reverb"
Chords_overdrive_delay_156.wav,Chords.wav,"overdrive,delay"
Chords_distortion_chorus_delay_reverb_157.wav,Chords.wav,"distortion,chorus,delay,reverb"
Chords_chorus_delay_158.wav,Chords.wav,"chorus,delay"
Chords_distortion_159.wav,Chords.wav,distortion
Chords_distortion_chorus_160.wav,Chords.wav,"distortion,chorus"
Chords_compressor_overdrive_chorus_161.wav,Chords.wav,"compressor,overdrive,chorus"
Chords_overdrive_delay_162.wav,Chords.wav,"overdrive,delay"
Chords_compressor_distortion_chorus_delay_reverb_163.wav,Chords.wav,"compressor,distortion,chorus,delay,reverb"
Chords_compressor_overdrive_164.wav,Chords.wav,"compressor,overdrive"
Chords_compressor_distortion_delay_reverb_165.wav,Chords.wav,"compressor,distortion,delay,reverb"
Chords_compressor_overdrive_reverb_166.wav,Chords.wav,"compressor,overdrive,reverb"
Chords_overdrive_chorus_delay_167.wav,Chords.wav,"overdrive,chorus,delay"
Chords_distortion_delay_168.wav,Chords.wav,"distortion,delay"
Chords_delay_reverb_169.wav,Chords.wav,"delay,reverb"
Chords_overdrive_chorus_170.wav,Chords.wav,"overdrive,chorus"
Chords_compressor_overdrive_delay_171.wav,Chords.wav,"compressor,overdrive,delay"
Chords_overdrive_reverb_172.wav,Chords.wav,"overdrive,reverb"
Chords_distortion_chorus_delay_reverb_173.wav,Chords.wav,"distortion,chorus,delay,reverb"
Chords_distortion_delay_reverb_174.wav,Chords.wav,"distortion,delay,reverb"
Chords_chorus_175.wav,Chords.wav,chorus
Chords_overdrive_delay_176.wav,Chords.wav,"overdrive,delay"
Chords_compressor_distortion_chorus_177.wav,Chords.wav,"compressor,distortion,chorus"
Chords_overdrive_delay_reverb_178.wav,Chords.wav,"overdrive,delay,reverb"
Chords_overdrive_179.wav,Chords.wav,overdrive
Chords_overdrive_180.wav,Chords.wav,overdrive
Chords_distortion_chorus_181.wav,Chords.wav,"distortion,chorus"
Chords_distortion_182.wav,Chords.wav,distortion
Chords_compressor_overdrive_chorus_delay_reverb_183.wav,Chords.wav,"compressor,overdrive,chorus,delay,reverb"
Chords_compressor_overdrive_delay_184.wav,Chords.wav,"compressor,overdrive,delay"
Chords_compressor_distortion_chorus_delay_185.wav,Chords.wav,"compressor,distortion,chorus,delay"
Chords_overdrive_delay_186.wav,Chords.wav,"overdrive,delay"
Chords_distortion_delay_187.wav,Chords.wav,"distortion,delay"
Chords_compressor_188.wav,Chords.wav,compressor
Chords_distortion_chorus_189.wav,Chords.wav,"distortion,chorus"
Chords_overdrive_delay_reverb_190.wav,Chords.wav,"overdrive,delay,reverb"
Chords_overdrive_chorus_delay_191.wav,Chords.wav,"overdrive,chorus,delay"
Chords_overdrive_chorus_192.wav,Chords.wav,"overdrive,chorus"
Chords_delay_reverb_193.wav,Chords.wav,"delay,reverb"
Chords_distortion_chorus_reverb_194.wav,Chords.wav,"distortion,chorus,reverb"
Chords_overdrive_delay_195.wav,Chords.wav,"overdrive,delay"
Chords_distortion_196.wav,Chords.wav,distortion
Chords_overdrive_delay_reverb_197.wav,Chords.wav,"overdrive,delay,reverb"
Chords_compressor_distortion_reverb_198.wav,Chords.wav,"compressor,distortion,reverb"
Chords_compressor_overdrive_chorus_199.wav,Chords.wav,"compressor,overdrive,chorus"
Chords_compressor_chorus_200.wav,Chords.wav,"compressor,chorus"
Chords_compressor_distortion_201.wav,Chords.wav,"compressor,distortion"
Chords_overdrive_202.wav,Chords.wav,overdrive
Chords_delay_203.wav,Chords.wav,delay
Chords_delay_reverb_204.wav,Chords.wav,"delay,reverb"
Chords_compressor_distortion_delay_205.wav,Chords.wav,"compressor,distortion,delay"
Chords_compressor_distortion_delay_206.wav,Chords.wav,"compressor,distortion,delay"
Chords_compressor_distortion_207.wav,Chords.wav,"compressor,distortion"
Chords_compressor_distortion_chorus_208.wav,Chords.wav,"compressor,distortion,chorus"
Chords_compressor_overdrive_delay_209.wav,Chords.wav,"compressor,overdrive,delay"
Chords_compressor_distortion_delay_reverb_210.wav,Chords.wav,"compressor,distortion,delay,reverb"
Chords_overdrive_chorus_211.wav,Chords.wav,"overdrive,chorus"
Chords_chorus_delay_212.wav,Chords.wav,"chorus,delay"
Chords_compressor_overdrive_delay_213.wav,Chords.wav,"compressor,overdrive,delay"
Chords_overdrive_214.wav,Chords.wav,overdrive
Chords_compressor_overdrive_chorus_delay_215.wav,Chords.wav,"compressor,overdrive,chorus,delay"
Chords_overdrive_216.wav,Chords.wav,overdrive
Chords_overdrive_217.wav,Chords.wav,overdrive
Chords_overdrive_218.wav,Chords.wav,overdrive
Chords_distortion_delay_219.wav,Chords.wav,"distortion,delay"
Chords_overdrive_chorus_delay_220.wav,Chords.wav,"overdrive,chorus,delay"
Chords_distortion_chorus_221.wav,Chords.wav,"distortion,chorus"
Chords_compressor_overdrive_delay_222.wav,Chords.wav,"compressor,overdrive,delay"
Chords_distortion_223.wav,Chords.wav,distortion
Chords_reverb_224.wav,Chords.wav,reverb
Chords_compressor_overdrive_225.wav,Chords.wav,"compressor,overdrive"
Chords_compressor_overdrive_chorus_226.wav,Chords.wav,"compressor,overdrive,chorus"
Chords_overdrive_chorus_reverb_227.wav,Chords.wav,"overdrive,chorus,reverb"
Chords_distortion_228.wav,Chords.wav,distortion
Chords_overdrive_229.wav,Chords.wav,overdrive
Chords_distortion_delay_reverb_230.wav,Chords.wav,"distortion,delay,reverb"
Chords_compressor_231.wav,Chords.wav,compressor
Chords_compressor_overdrive_232.wav,Chords.wav,"compressor,overdrive"
Chords_distortion_chorus_delay_233.wav,Chords.wav,"distortion,chorus,delay"
Chords_distortion_chorus_234.wav,Chords.wav,"distortion,chorus"
Chords_chorus_reverb_235.wav,Chords.wav,"chorus,reverb"
Chords_compressor_distortion_236.wav,Chords.wav,"compressor,distortion"
Chords_distortion_237.wav,Chords.wav,distortion
Chords_compressor_distortion_chorus_delay_238.wav,Chords.wav,"compressor,distortion,chorus,delay"
Chords_compressor_chorus_delay_239.wav,Chords.wav,"compressor,chorus,delay"
Chords_compressor_overdrive_delay_240.wav,Chords.wav,"compressor,overdrive,delay"
Chords_overdrive_241.wav,Chords.wav,overdrive
Chords_compressor_distortion_chorus_reverb_242.wav,Chords.wav,"compressor,distortion,chorus,reverb"
Chords_chorus_243.wav,Chords.wav,chorus
Chords_overdrive_delay_reverb_244.wav,Chords.wav,"overdrive,delay,reverb"
Chords_compressor_chorus_245.wav,Chords.wav,"compressor,chorus"
Chords_distortion_delay_reverb_246.wav,Chords.wav,"distortion,delay,reverb"
Chords_distortion_delay_247.wav,Chords.wav,"distortion,delay"
Chords_compressor_chorus_reverb_248.wav,Chords.wav,"compressor,chorus,reverb"
Chords_distortion_249.wav,Chords.wav,distortion
Chords_chorus_250.wav,Chords.wav,chorus
Chords_compressor_251.wav,Chords.wav,compressor
Chords_compressor_overdrive_delay_252.wav,Chords.wav,"compressor,overdrive,delay"
Chords_compressor_distortion_reverb_253.wav,Chords.wav,"compressor,distortion,reverb"
Chords_overdrive_chorus_reverb_254.wav,Chords.wav,"overdrive,chorus,reverb"
Chords_compressor_distortion_chorus_255.wav,Chords.wav,"compressor,distortion,chorus"
Chords_distortion_256.wav,Chords.wav,distortion
Chords_overdrive_delay_257.wav,Chords.wav,"overdrive,delay"
Chords_overdrive_delay_reverb_258.wav,Chords.wav,"overdrive,delay,reverb"
Chords_overdrive_delay_reverb_259.wav,Chords.wav,"overdrive,delay,reverb"
Chords_compressor_overdrive_chorus_delay_260.wav,Chords.wav,"compressor,overdrive,chorus,delay"
Chords_overdrive_261.wav,Chords.wav,overdrive
Chords_compressor_overdrive_262.wav,Chords.wav,"compressor,overdrive"
Chords_overdrive_delay_263.wav,Chords.wav,"overdrive,delay"
Chords_overdrive_delay_reverb_264.wav,Chords.wav,"overdrive,delay,reverb"
Chords_compressor_distortion_chorus_delay_265.wav,Chords.wav,"compressor,distortion,chorus,delay"
Chords_compressor_overdrive_delay_reverb_266.wav,Chords.wav,"compressor,overdrive,delay,reverb"
Chords_compressor_delay_reverb_267.wav,Chords.wav,"compressor,delay,reverb"
Chords_overdrive_268.wav,Chords.wav,overdrive
Chords_compressor_overdrive_delay_269.wav,Chords.wav,"compressor,overdrive,delay"
Chords_overdrive_270.wav,Chords.wav,overdrive
Chords_chorus_271.wav,Chords.wav,chorus
Chords_overdrive_delay_272.wav,Chords.wav,"overdrive,delay"
Chords_compressor_overdrive_delay_273.wav,Chords.wav,"compressor,overdrive,delay"
Chords_overdrive_274.wav,Chords.wav,overdrive
Chords_delay_275.wav,Chords.wav,delay
Chords_compressor_distortion_276.wav,Chords.wav,"compressor,distortion"
Chords_overdrive_277.wav,Chords.wav,overdrive
Chords_distortion_chorus_delay_278.wav,Chords.wav,"distortion,chorus,delay"
Chords_compressor_delay_279.wav,Chords.wav,"compressor,delay"
Chords_distortion_chorus_280.wav,Chords.wav,"distortion,chorus"
Chords_compressor_distortion_delay_281.wav,Chords.wav,"compressor,distortion,delay"
Chords_reverb_282.wav,Chords.wav,reverb
Chords_distortion_283.wav,Chords.wav,distortion
Chords_distortion_284.wav,Chords.wav,distortion
Chords_distortion_chorus_285.wav,Chords.wav,"distortion,chorus"
Chords_compressor_distortion_chorus_delay_reverb_286.wav,Chords.wav,"compressor,distortion,chorus,delay,reverb"
Chords_compressor_overdrive_delay_287.wav,Chords.wav,"compressor,overdrive,delay"
Chords_overdrive_delay_288.wav,Chords.wav,"overdrive,delay"
Chords_distortion_delay_289.wav,Chords.wav,"distortion,delay"
Chords_compressor_distortion_chorus_delay_290.wav,Chords.wav,"compressor,distortion,chorus,delay"
Chords_overdrive_delay_291.wav,Chords.wav,"overdrive,delay"
Chords_overdrive_chorus_reverb_292.wav,Chords.wav,"overdrive,chorus,reverb"
Chords_compressor_distortion_chorus_reverb_293.wav,Chords.wav,"compressor,distortion,chorus,reverb"
Chords_compressor_distortion_reverb_294.wav,Chords.wav,"compressor,distortion,reverb"
Chords_delay_reverb_295.wav,Chords.wav,"delay,reverb"
Chords_reverb_296.wav,Chords.wav,reverb
Chords_overdrive_delay_reverb_297.wav,Chords.wav,"overdrive,delay,reverb"
Chords_distortion_delay_298.wav,Chords.wav,"distortion,delay"
Chords_compressor_chorus_299.wav,Chords.wav,"compressor,chorus"
Chords_overdrive_delay_300.wav,Chords.wav,"overdrive,delay"
Chords_distortion_reverb_301.wav,Chords.wav,"distortion,reverb"
Chords_compressor_overdrive_302.wav,Chords.wav,"compressor,overdrive"
Chords_compressor_distortion_delay_303.wav,Chords.wav,"compressor,distortion,delay"
Chords_compressor_distortion_304.wav,Chords.wav,"compressor,distortion"
Chords_distortion_305.wav,Chords.wav,distortion
Chords_compressor_overdrive_chorus_306.wav,Chords.wav,"compressor,overdrive,chorus"
Chords_compressor_distortion_reverb_307.wav,Chords.wav,"compressor,distortion,reverb"
Chords_compressor_distortion_308.wav,Chords.wav,"compressor,distortion"
Chords_distortion_309.wav,Chords.wav,distortion
Chords_distortion_delay_reverb_310.wav,Chords.wav,"distortion,delay,reverb"
Chords_compressor_distortion_311.wav,Chords.wav,"compressor,distortion"
Chords_distortion_delay_312.wav,Chords.wav,"distortion,delay"
Chords_overdrive_chorus_313.wav,Chords.wav,"overdrive,chorus"
Chords_compressor_distortion_314.wav,Chords.wav,"compressor,distortion"
Chords_compressor_overdrive_chorus_reverb_315.wav,Chords.wav,"compressor,overdrive,chorus,reverb"
Chords_overdrive_chorus_delay_reverb_316.wav,Chords.wav,"overdrive,chorus,delay,reverb"
Chords_overdrive_317.wav,Chords.wav,overdrive
Chords_overdrive_chorus_reverb_318.wav,Chords.wav,"overdrive,chorus,reverb"
Chords_distortion_delay_319.wav,Chords.wav,"distortion,delay"
Chords_compressor_overdrive_delay_320.wav,Chords.wav,"compressor,overdrive,delay"
Chords_compressor_overdrive_chorus_reverb_321.wav,Chords.wav,"compressor,overdrive,chorus,reverb"
Chords_compressor_distortion_chorus_322.wav,Chords.wav,"compressor,distortion,chorus"
Chords_distortion_delay_323.wav,Chords.wav,"distortion,delay"
Chords_compressor_distortion_chorus_delay_324.wav,Chords.wav,"compressor,distortion,chorus,delay"
Chords_overdrive_delay_325.wav,Chords.wav,"overdrive,delay"
Chords_distortion_326.wav,Chords.wav,distortion
Chords_compressor_overdrive_delay_327.wav,Chords.wav,"compressor,overdrive,delay"
Chords_distortion_328.wav,Chords.wav,distortion
Chords_overdrive_reverb_329.wav,Chords.wav,"overdrive,reverb"
Chords_compressor_distortion_chorus_reverb_330.wav,Chords.wav,"compressor,distortion,chorus,reverb"
Chords_compressor_distortion_331.wav,Chords.wav,"compressor,distortion"
Chords_compressor_chorus_reverb_332.wav,Chords.wav,"compressor,chorus,reverb"
Chords_compressor_distortion_delay_333.wav,Chords.wav,"compressor,distortion,delay"
Chords_compressor_delay_reverb_334.wav,Chords.wav,"compressor,delay,reverb"
Chords_chorus_reverb_335.wav,Chords.wav,"chorus,reverb"
Chords_distortion_reverb_336.wav,Chords.wav,"distortion,reverb"
Chords_compressor_overdrive_chorus_delay_337.wav,Chords.wav,"compressor,overdrive,chorus,delay"
Chords_overdrive_reverb_338.wav,Chords.wav,"overdrive,reverb"
Chords_compressor_overdrive_339.wav,Chords.wav,"compressor,overdrive"
Chords_compressor_distortion_chorus_delay_reverb_340.wav,Chords.wav,"compressor,distortion,chorus,delay,reverb"
Chords_compressor_overdrive_341.wav,Chords.wav,"compressor,overdrive"
Chords_overdrive_342.wav,Chords.wav,overdrive
Chords_distortion_chorus_343.wav,Chords.wav,"distortion,chorus"
Chords_compressor_overdrive_chorus_344.wav,Chords.wav,"compressor,overdrive,chorus"
Chords_distortion_345.wav,Chords.wav,distortion
Chords_distortion_chorus_346.wav,Chords.wav,"distortion,chorus"
Chords_compressor_chorus_delay_347.wav,Chords.wav,"compressor,chorus,delay"
Chords_distortion_delay_348.wav,Chords.wav,"distortion,delay"
Chords_compressor_chorus_reverb_349.wav,Chords.wav,"compressor,chorus,reverb"
Chords_overdrive_350.wav,Chords.wav,overdrive
Chords_distortion_chorus_reverb_351.wav,Chords.wav,"distortion,chorus,reverb"
Chords_compressor_distortion_352.wav,Chords.wav,"compressor,distortion"
Chords_overdrive_chorus_353.wav,Chords.wav,"overdrive,chorus"
Chords_compressor_distortion_chorus_delay_354.wav,Chords.wav,"compressor,distortion,chorus,delay"
Chords_compressor_chorus_reverb_355.wav,Chords.wav,"compressor,chorus,reverb"
Chords_distortion_delay_356.wav,Chords.wav,"distortion,delay"
Chords_compressor_chorus_reverb_357.wav,Chords.wav,"compressor,chorus,reverb"
Chords_distortion_delay_358.wav,Chords.wav,"distortion,delay"
Chords_compressor_overdrive_chorus_359.wav,Chords.wav,"compressor,overdrive,chorus"
Chords_compressor_distortion_360.wav,Chords.wav,"compressor,distortion"
Chords_overdrive_reverb_361.wav,Chords.wav,"overdrive,reverb"
Chords_compressor_362.wav,Chords.wav,compressor
Chords_compressor_overdrive_reverb_363.wav,Chords.wav,"compressor,overdrive,reverb"
Chords_distortion_delay_reverb_364.wav,Chords.wav,"distortion,delay,reverb"
Chords_chorus_365.wav,Chords.wav,chorus
Chords_distortion_delay_reverb_366.wav,Chords.wav,"distortion,delay,reverb"
Chords_overdrive_delay_reverb_367.wav,Chords.wav,"overdrive,delay,reverb"
Chords_delay_reverb_368.wav,Chords.wav,"delay,reverb"
Chords_distortion_delay_reverb_369.wav,Chords.wav,"distortion,delay,reverb"
Chords_compressor_overdrive_delay_370.wav,Chords.wav,"compressor,overdrive,delay"
Chords_compressor_distortion_delay_371.wav,Chords.wav,"compressor,distortion,delay"
Chords_delay_372.wav,Chords.wav,delay
Chords_distortion_373.wav,Chords.wav,distortion
Chords_chorus_374.wav,Chords.wav,chorus
Chords_compressor_distortion_delay_375.wav,Chords.wav,"compressor,distortion,delay"
Chords_overdrive_chorus_delay_376.wav,Chords.wav,"overdrive,chorus,delay"
Chords_compressor_chorus_delay_reverb_377.wav,Chords.wav,"compressor,chorus,delay,reverb"
Chords_compressor_378.wav,Chords.wav,compressor
Chords_compressor_overdrive_delay_reverb_379.wav,Chords.wav,"compressor,overdrive,delay,reverb"
Chords_compressor_distortion_reverb_380.wav,Chords.wav,"compressor,distortion,reverb"
Chords_compressor_reverb_381.wav,Chords.wav,"compressor,reverb"
Chords_compressor_chorus_delay_382.wav,Chords.wav,"compressor,chorus,delay"
Chords_overdrive_chorus_delay_383.wav,Chords.wav,"overdrive,chorus,delay"
Chords_distortion_delay_384.wav,Chords.wav,"distortion,delay"
Chords_delay_385.wav,Chords.wav,delay
Chords_compressor_overdrive_chorus_386.wav,Chords.wav,"compressor,overdrive,chorus"
Chords_compressor_overdrive_reverb_387.wav,Chords.wav,"compressor,overdrive,reverb"
Chords_compressor_distortion_chorus_delay_reverb_388.wav,Chords.wav,"compressor,distortion,chorus,delay,reverb"
Chords_compressor_overdrive_389.wav,Chords.wav,"compressor,overdrive"
Chords_overdrive_chorus_reverb_390.wav,Chords.wav,"overdrive,chorus,reverb"
Chords_overdrive_391.wav,Chords.wav,overdrive
Chords_compressor_distortion_delay_392.wav,Chords.wav,"compressor,distortion,delay"
Chords_distortion_chorus_393.wav,Chords.wav,"distortion,chorus"
Chords_compressor_394.wav,Chords.wav,compressor
Chords_distortion_delay_reverb_395.wav,Chords.wav,"distortion,delay,reverb"
Chords_compressor_distortion_reverb_396.wav,Chords.wav,"compressor,distortion,reverb"
Chords_chorus_reverb_397.wav,Chords.wav,"chorus,reverb"
Chords_compressor_distortion_398.wav,Chords.wav,"compressor,distortion"
Chords_compressor_overdrive_delay_reverb_399.wav,Chords.wav,"compressor,overdrive,delay,reverb"
Riff1_distortion_delay_reverb_400.wav,Riff1.wav,"distortion,delay,reverb"
Riff1_compressor_overdrive_chorus_delay_401.wav,Riff1.wav,"compressor,overdrive,chorus,delay"
Riff1_overdrive_402.wav,Riff1.wav,overdrive
Riff1_distortion_chorus_403.wav,Riff1.wav,"distortion,chorus"
Riff1_reverb_404.wav,Riff1.wav,reverb
Riff1_overdrive_reverb_405.wav,Riff1.wav,"overdrive,reverb"
Riff1_distortion_406.wav,Riff1.wav,distortion
Riff1_compressor_overdrive_delay_407.wav,Riff1.wav,"compressor,overdrive,delay"
Riff1_compressor_overdrive_chorus_408.wav,Riff1.wav,"compressor,overdrive,chorus"
Riff1_compressor_delay_409.wav,Riff1.wav,"compressor,delay"
Riff1_compressor_delay_reverb_410.wav,Riff1.wav,"compressor,delay,reverb"
Riff1_distortion_411.wav,Riff1.wav,distortion
Riff1_distortion_chorus_412.wav,Riff1.wav,"distortion,chorus"
Riff1_delay_reverb_413.wav,Riff1.wav,"delay,reverb"
Riff1_compressor_overdrive_delay_reverb_414.wav,Riff1.wav,"compressor,overdrive,delay,reverb"
Riff1_compressor_overdrive_delay_415.wav,Riff1.wav,"compressor,overdrive,delay"
Riff1_compressor_overdrive_416.wav,Riff1.wav,"compressor,overdrive"
Riff1_compressor_distortion_delay_417.wav,Riff1.wav,"compressor,distortion,delay"
Riff1_overdrive_delay_418.wav,Riff1.wav,"overdrive,delay"
Riff1_compressor_overdrive_reverb_419.wav,Riff1.wav,"compressor,overdrive,reverb"
Riff1_compressor_overdrive_delay_420.wav,Riff1.wav,"compressor,overdrive,delay"
Riff1_distortion_chorus_delay_421.wav,Riff1.wav,"distortion,chorus,delay"
Riff1_compressor_422.wav,Riff1.wav,compressor
Riff1_overdrive_423.wav,Riff1.wav,overdrive
Riff1_distortion_424.wav,Riff1.wav,distortion
Riff1_distortion_chorus_425.wav,Riff1.wav,"distortion,chorus"
Riff1_compressor_overdrive_delay_426.wav,Riff1.wav,"compressor,overdrive,delay"
Riff1_compressor_chorus_427.wav,Riff1.wav,"compressor,chorus"
Riff1_compressor_distortion_428.wav,Riff1.wav,"compressor,distortion"
Riff1_distortion_delay_429.wav,Riff1.wav,"distortion,delay"
Riff1_compressor_distortion_chorus_430.wav,Riff1.wav,"compressor,distortion,chorus"
Riff1_distortion_chorus_delay_reverb_431.wav,Riff1.wav,"distortion,chorus,delay,reverb"
Riff1_chorus_432.wav,Riff1.wav,chorus
Riff1_compressor_433.wav,Riff1.wav,compressor
Riff1_compressor_overdrive_delay_434.wav,Riff1.wav,"compressor,overdrive,delay"
Riff1_distortion_delay_435.wav,Riff1.wav,"distortion,delay"
Riff1_compressor_distortion_chorus_delay_reverb_436.wav,Riff1.wav,"compressor,distortion,chorus,delay,reverb"
Riff1_overdrive_reverb_437.wav,Riff1.wav,"overdrive,reverb"
Riff1_overdrive_chorus_438.wav,Riff1.wav,"overdrive,chorus"
Riff1_compressor_overdrive_439.wav,Riff1.wav,"compressor,overdrive"
Riff1_compressor_distortion_delay_440.wav,Riff1.wav,"compressor,distortion,delay"
Riff1_overdrive_441.wav,Riff1.wav,overdrive
Riff1_distortion_reverb_442.wav,Riff1.wav,"distortion,reverb"
Riff1_compressor_distortion_chorus_443.wav,Riff1.wav,"compressor,distortion,chorus"
Riff1_delay_444.wav,Riff1.wav,delay
Riff1_distortion_delay_445.wav,Riff1.wav,"distortion,delay"
Riff1_delay_446.wav,Riff1.wav,delay
Riff1_compressor_reverb_447.wav,Riff1.wav,"compressor,reverb"
Riff1_distortion_chorus_448.wav,Riff1.wav,"distortion,chorus"
Riff1_compressor_distortion_delay_reverb_449.wav,Riff1.wav,"compressor,distortion,delay,reverb"
Riff1_compressor_distortion_450.wav,Riff1.wav,"compressor,distortion"
Riff1_compressor_distortion_chorus_reverb_451.wav,Riff1.wav,"compressor,distortion,chorus,reverb"
Riff1_overdrive_delay_reverb_452.wav,Riff1.wav,"overdrive,delay,reverb"
Riff1_chorus_reverb_453.wav,Riff1.wav,"chorus,reverb"
Riff1_reverb_454.wav,Riff1.wav,reverb
Riff1_distortion_chorus_delay_455.wav,Riff1.wav,"distortion,chorus,delay"
Riff1_distortion_delay_456.wav,Riff1.wav,"distortion,delay"
Riff1_compressor_distortion_chorus_delay_457.wav,Riff1.wav,"compressor,distortion,chorus,delay"
Riff1_distortion_458.wav,Riff1.wav,distortion
Riff1_compressor_distortion_chorus_459.wav,Riff1.wav,"compressor,distortion,chorus"
Riff1_distortion_chorus_reverb_460.wav,Riff1.wav,"distortion,chorus,reverb"
Riff1_compressor_overdrive_461.wav,Riff1.wav,"compressor,overdrive"
Riff1_compressor_distortion_chorus_delay_462.wav,Riff1.wav,"compressor,distortion,chorus,delay"
Riff1_compressor_overdrive_463.wav,Riff1.wav,"compressor,overdrive"
Riff1_distortion_delay_reverb_464.wav,Riff1.wav,"distortion,delay,reverb"
Riff1_distortion_delay_465.wav,Riff1.wav,"distortion,delay"
Riff1_compressor_reverb_466.wav,Riff1.wav,"compressor,reverb"
Riff1_overdrive_467.wav,Riff1.wav,overdrive
Riff1_compressor_distortion_delay_468.wav,Riff1.wav,"compressor,distortion,delay"
Riff1_overdrive_delay_reverb_469.wav,Riff1.wav,"overdrive,delay,reverb"
Riff1_distortion_chorus_delay_470.wav,Riff1.wav,"distortion,chorus,delay"
Riff1_compressor_overdrive_delay_reverb_471.wav,Riff1.wav,"compressor,overdrive,delay,reverb"
Riff1_overdrive_chorus_delay_472.wav,Riff1.wav,"overdrive,chorus,delay"
Riff1_overdrive_473.wav,Riff1.wav,overdrive
Riff1_distortion_chorus_474.wav,Riff1.wav,"distortion,chorus"
Riff1_overdrive_delay_475.wav,Riff1.wav,"overdrive,delay"
Riff1_overdrive_delay_476.wav,Riff1.wav,"overdrive,delay"
Riff1_chorus_477.wav,Riff1.wav,chorus
Riff1_compressor_distortion_chorus_478.wav,Riff1.wav,"compressor,distortion,chorus"
Riff1_overdrive_delay_479.wav,Riff1.wav,"overdrive,delay"
Riff1_distortion_chorus_delay_reverb_480.wav,Riff1.wav,"distortion,chorus,delay,reverb"
Riff1_overdrive_reverb_481.wav,Riff1.wav,"overdrive,reverb"
Riff1_compressor_overdrive_chorus_reverb_482.wav,Riff1.wav,"compressor,overdrive,chorus,reverb"
Riff1_compressor_distortion_chorus_delay_483.wav,Riff1.wav,"compressor,distortion,chorus,delay"
Riff1_compressor_distortion_reverb_484.wav,Riff1.wav,"compressor,distortion,reverb"
Riff1_distortion_485.wav,Riff1.wav,distortion
Riff1_distortion_chorus_delay_reverb_486.wav,Riff1.wav,"distortion,chorus,delay,reverb"
Riff1_distortion_delay_487.wav,Riff1.wav,"distortion,delay"
Riff1_distortion_chorus_delay_488.wav,Riff1.wav,"distortion,chorus,delay"
Riff1_overdrive_delay_489.wav,Riff1.wav,"overdrive,delay"
Riff1_overdrive_delay_490.wav,Riff1.wav,"overdrive,delay"
Riff1_compressor_distortion_chorus_delay_reverb_491.wav,Riff1.wav,"compressor,distortion,chorus,delay,reverb"
Riff1_overdrive_chorus_delay_reverb_492.wav,Riff1.wav,"overdrive,chorus,delay,reverb"
Riff1_distortion_delay_reverb_493.wav,Riff1.wav,"distortion,delay,reverb"
Riff1_overdrive_chorus_494.wav,Riff1.wav,"overdrive,chorus"
Riff1_compressor_distortion_delay_495.wav,Riff1.wav,"compressor,distortion,delay"
Riff1_compressor_chorus_496.wav,Riff1.wav,"compressor,chorus"
Riff1_delay_497.wav,Riff1.wav,delay
Riff1_compressor_delay_reverb_498.wav,Riff1.wav,"compressor,delay,reverb"
Riff1_compressor_delay_499.wav,Riff1.wav,"compressor,delay"
Riff1_distortion_chorus_delay_reverb_500.wav,Riff1.wav,"distortion,chorus,delay,reverb"
Riff1_overdrive_chorus_delay_501.wav,Riff1.wav,"overdrive,chorus,delay"
Riff1_chorus_502.wav,Riff1.wav,chorus
Riff1_chorus_503.wav,Riff1.wav,chorus
Riff1_distortion_reverb_504.wav,Riff1.wav,"distortion,reverb"
Riff1_compressor_distortion_reverb_505.wav,Riff1.wav,"compressor,distortion,reverb"
Riff1_distortion_delay_506.wav,Riff1.wav,"distortion,delay"
Riff1_delay_reverb_507.wav,Riff1.wav,"delay,reverb"
Riff1_overdrive_delay_reverb_508.wav,Riff1.wav,"overdrive,delay,reverb"
Riff1_chorus_reverb_509.wav,Riff1.wav,"chorus,reverb"
Riff1_compressor_distortion_reverb_510.wav,Riff1.wav,"compressor,distortion,reverb"
Riff1_distortion_reverb_511.wav,Riff1.wav,"distortion,reverb"
Riff1_compressor_512.wav,Riff1.wav,compressor
Riff1_overdrive_513.wav,Riff1.wav,overdrive
Riff1_chorus_514.wav,Riff1.wav,chorus
Riff1_compressor_overdrive_chorus_delay_reverb_515.wav,Riff1.wav,"compressor,overdrive,chorus,delay,reverb"
Riff1_compressor_overdrive_delay_516.wav,Riff1.wav,"compressor,overdrive,delay"
Riff1_overdrive_517.wav,Riff1.wav,overdrive
Riff1_distortion_delay_reverb_518.wav,Riff1.wav,"distortion,delay,reverb"
Riff1_distortion_chorus_delay_reverb_519.wav,Riff1.wav,"distortion,chorus,delay,reverb"
Riff1_compressor_overdrive_chorus_delay_520.wav,Riff1.wav,"compressor,overdrive,chorus,delay"
Riff1_compressor_overdrive_chorus_521.wav,Riff1.wav,"compressor,overdrive,chorus"
Riff1_chorus_delay_522.wav,Riff1.wav,"chorus,delay"
Riff1_compressor_523.wav,Riff1.wav,compressor
Riff1_chorus_524.wav,Riff1.wav,chorus
Riff1_compressor_overdrive_525.wav,Riff1.wav,"compressor,overdrive"
Riff1_overdrive_delay_reverb_526.wav,Riff1.wav,"overdrive,delay,reverb"
Riff1_chorus_527.wav,Riff1.wav,chorus
Riff1_distortion_delay_528.wav,Riff1.wav,"distortion,delay"
Riff1_reverb_529.wav,Riff1.wav,reverb
Riff1_chorus_reverb_530.wav,Riff1.wav,"chorus,reverb"
Riff1_overdrive_reverb_531.wav,Riff1.wav,"overdrive,reverb"
Riff1_compressor_overdrive_delay_532.wav,Riff1.wav,"compressor,overdrive,delay"
Riff1_compressor_distortion_533.wav,Riff1.wav,"compressor,distortion"
Riff1_compressor_distortion_534.wav,Riff1.wav,"compressor,distortion"
Riff1_compressor_overdrive_535.wav,Riff1.wav,"compressor,overdrive"
Riff1_compressor_distortion_chorus_536.wav,Riff1.wav,"compressor,distortion,chorus"
Riff1_overdrive_537.wav,Riff1.wav,overdrive
Riff1_delay_538.wav,Riff1.wav,delay
Riff1_overdrive_chorus_539.wav,Riff1.wav,"overdrive,chorus"
Riff1_distortion_chorus_reverb_540.wav,Riff1.wav,"distortion,chorus,reverb"
Riff1_overdrive_delay_reverb_541.wav,Riff1.wav,"overdrive,delay,reverb"
Riff1_overdrive_delay_542.wav,Riff1.wav,"overdrive,delay"
Riff1_compressor_distortion_delay_reverb_543.wav,Riff1.wav,"compressor,distortion,delay,reverb"
Riff1_compressor_distortion_544.wav,Riff1.wav,"compressor,distortion"
Riff1_chorus_545.wav,Riff1.wav,chorus
Riff1_compressor_distortion_delay_reverb_546.wav,Riff1.wav,"compressor,distortion,delay,reverb"
Riff1_overdrive_547.wav,Riff1.wav,overdrive
Riff1_compressor_distortion_548.wav,Riff1.wav,"compressor,distortion"
Riff1_overdrive_chorus_reverb_549.wav,Riff1.wav,"overdrive,chorus,reverb"
Riff1_compressor_chorus_550.wav,Riff1.wav,"compressor,chorus"
Riff1_compressor_distortion_delay_551.wav,Riff1.wav,"compressor,distortion,delay"
Riff1_compressor_distortion_552.wav,Riff1.wav,"compressor,distortion"
Riff1_compressor_overdrive_553.wav,Riff1.wav,"compressor,overdrive"
Riff1_compressor_overdrive_delay_reverb_554.wav,Riff1.wav,"compressor,overdrive,delay,reverb"
Riff1_compressor_distortion_chorus_delay_555.wav,Riff1.wav,"compressor,distortion,chorus,delay"
Riff1_distortion_556.wav,Riff1.wav,distortion
Riff1_delay_557.wav,Riff1.wav,delay
Riff1_overdrive_chorus_558.wav,Riff1.wav,"overdrive,chorus"
Riff1_distortion_delay_559.wav,Riff1.wav,"distortion,delay"
Riff1_compressor_overdrive_560.wav,Riff1.wav,"compressor,overdrive"
Riff1_distortion_561.wav,Riff1.wav,distortion
Riff1_compressor_overdrive_delay_reverb_562.wav,Riff1.wav,"compressor,overdrive,delay,reverb"
Riff1_chorus_delay_563.wav,Riff1.wav,"chorus,delay"
Riff1_compressor_overdrive_chorus_delay_564.wav,Riff1.wav,"compressor,overdrive,chorus,delay"
Riff1_overdrive_565.wav,Riff1.wav,overdrive
Riff1_delay_566.wav,Riff1.wav,delay
Riff1_overdrive_delay_reverb_567.wav,Riff1.wav,"overdrive,delay,reverb"
Riff1_distortion_delay_reverb_568.wav,Riff1.wav,"distortion,delay,reverb"
Riff1_overdrive_delay_569.wav,Riff1.wav,"overdrive,delay"
Riff1_compressor_distortion_chorus_delay_reverb_570.wav,Riff1.wav,"compressor,distortion,chorus,delay,reverb"
Riff1_chorus_delay_reverb_571.wav,Riff1.wav,"chorus,delay,reverb"
Riff1_distortion_chorus_572.wav,Riff1.wav,"distortion,chorus"
Riff1_distortion_chorus_573.wav,Riff1.wav,"distortion,chorus"
Riff1_reverb_574.wav,Riff1.wav,reverb
Riff1_compressor_distortion_reverb_575.wav,Riff1.wav,"compressor,distortion,reverb"
Riff1_distortion_chorus_576.wav,Riff1.wav,"distortion,chorus"
Riff1_compressor_distortion_577.wav,Riff1.wav,"compressor,distortion"
Riff1_overdrive_delay_578.wav,Riff1.wav,"overdrive,delay"
Riff1_compressor_distortion_delay_579.wav,Riff1.wav,"compressor,distortion,delay"
Riff1_compressor_distortion_reverb_580.wav,Riff1.wav,"compressor,distortion,reverb"
Riff1_overdrive_delay_reverb_581.wav,Riff1.wav,"overdrive,delay,reverb"
Riff1_distortion_chorus_delay_582.wav,Riff1.wav,"distortion,chorus,delay"
Riff1_distortion_583.wav,Riff1.wav,distortion
Riff1_overdrive_chorus_reverb_584.wav,Riff1.wav,"overdrive,chorus,reverb"
Riff1_compressor_distortion_delay_585.wav,Riff1.wav,"compressor,distortion,delay"
Riff1_compressor_overdrive_chorus_delay_586.wav,Riff1.wav,"compressor,overdrive,chorus,delay"
Riff1_overdrive_reverb_587.wav,Riff1.wav,"overdrive,reverb"
Riff1_delay_reverb_588.wav,Riff1.wav,"delay,reverb"
Riff1_overdrive_chorus_delay_reverb_589.wav,Riff1.wav,"overdrive,chorus,delay,reverb"
Riff1_compressor_distortion_delay_590.wav,Riff1.wav,"compressor,distortion,delay"
Riff1_compressor_distortion_reverb_591.wav,Riff1.wav,"compressor,distortion,reverb"
Riff1_delay_592.wav,Riff1.wav,delay
Riff1_compressor_distortion_reverb_593.wav,Riff1.wav,"compressor,distortion,reverb"
Riff1_compressor_delay_594.wav,Riff1.wav,"compressor,delay"
Riff1_compressor_reverb_595.wav,Riff1.wav,"compressor,reverb"
Riff1_compressor_distortion_596.wav,Riff1.wav,"compressor,distortion"
Riff1_overdrive_delay_reverb_597.wav,Riff1.wav,"overdrive,delay,reverb"
Riff1_distortion_reverb_598.wav,Riff1.wav,"distortion,reverb"
Riff1_compressor_chorus_delay_599.wav,Riff1.wav,"compressor,chorus,delay"
Riff1_distortion_delay_reverb_600.wav,Riff1.wav,"distortion,delay,reverb"
Riff1_distortion_601.wav,Riff1.wav,distortion
Riff1_distortion_chorus_delay_602.wav,Riff1.wav,"distortion,chorus,delay"
Riff1_distortion_delay_reverb_603.wav,Riff1.wav,"distortion,delay,reverb"
Riff1_overdrive_reverb_604.wav,Riff1.wav,"overdrive,reverb"
Riff1_reverb_605.wav,Riff1.wav,reverb
Riff1_compressor_overdrive_chorus_delay_reverb_606.wav,Riff1.wav,"compressor,overdrive,chorus,delay,reverb"
Riff1_overdrive_reverb_607.wav,Riff1.wav,"overdrive,reverb"
Riff1_compressor_overdrive_608.wav,Riff1.wav,"compressor,overdrive"
Riff1_compressor_distortion_chorus_delay_609.wav,Riff1.wav,"compressor,distortion,chorus,delay"
Riff1_distortion_chorus_delay_610.wav,Riff1.wav,"distortion,chorus,delay"
Riff1_distortion_chorus_delay_reverb_611.wav,Riff1.wav,"distortion,chorus,delay,reverb"
Riff1_compressor_overdrive_612.wav,Riff1.wav,"compressor,overdrive"
Riff1_overdrive_613.wav,Riff1.wav,overdrive
Riff1_distortion_reverb_614.wav,Riff1.wav,"distortion,reverb"
Riff1_overdrive_615.wav,Riff1.wav,overdrive
Riff1_delay_reverb_616.wav,Riff1.wav,"delay,reverb"
Riff1_compressor_distortion_delay_reverb_617.wav,Riff1.wav,"compressor,distortion,delay,reverb"
Riff1_reverb_618.wav,Riff1.wav,reverb
Riff1_compressor_overdrive_chorus_619.wav,Riff1.wav,"compressor,overdrive,chorus"
Riff1_distortion_620.wav,Riff1.wav,distortion
Riff1_compressor_distortion_delay_reverb_621.wav,Riff1.wav,"compressor,distortion,delay,reverb"
Riff1_delay_reverb_622.wav,Riff1.wav,"delay,reverb"
Riff1_distortion_623.wav,Riff1.wav,distortion
Riff1_distortion_624.wav,Riff1.wav,distortion
Riff1_compressor_delay_625.wav,Riff1.wav,"compressor,delay"
Riff1_chorus_reverb_626.wav,Riff1.wav,"chorus,reverb"
Riff1_distortion_reverb_627.wav,Riff1.wav,"distortion,reverb"
Riff1_compressor_distortion_delay_628.wav,Riff1.wav,"compressor,distortion,delay"
Riff1_compressor_distortion_629.wav,Riff1.wav,"compressor,distortion"
Riff1_chorus_reverb_630.wav,Riff1.wav,"chorus,reverb"
Riff1_overdrive_chorus_631.wav,Riff1.wav,"overdrive,chorus"
Riff1_compressor_distortion_632.wav,Riff1.wav,"compressor,distortion"
Riff1_delay_633.wav,Riff1.wav,delay
Riff1_compressor_distortion_delay_reverb_634.wav,Riff1.wav,"compressor,distortion,delay,reverb"
Riff1_compressor_distortion_chorus_delay_635.wav,Riff1.wav,"compressor,distortion,chorus,delay"
Riff1_compressor_delay_636.wav,Riff1.wav,"compressor,delay"
Riff1_overdrive_637.wav,Riff1.wav,overdrive
Riff1_compressor_overdrive_638.wav,Riff1.wav,"compressor,overdrive"
Riff1_compressor_overdrive_639.wav,Riff1.wav,"compressor,overdrive"
Riff1_overdrive_chorus_delay_640.wav,Riff1.wav,"overdrive,chorus,delay"
Riff1_distortion_chorus_641.wav,Riff1.wav,"distortion,chorus"
Riff1_distortion_chorus_delay_642.wav,Riff1.wav,"distortion,chorus,delay"
Riff1_compressor_distortion_chorus_643.wav,Riff1.wav,"compressor,distortion,chorus"
Riff1_compressor_distortion_delay_644.wav,Riff1.wav,"compressor,distortion,delay"
Riff1_overdrive_chorus_reverb_645.wav,Riff1.wav,"overdrive,chorus,reverb"
Riff1_compressor_reverb_646.wav,Riff1.wav,"compressor,reverb"
Riff1_chorus_delay_647.wav,Riff1.wav,"chorus,delay"
Riff1_distortion_chorus_reverb_648.wav,Riff1.wav,"distortion,chorus,reverb"
Riff1_distortion_delay_649.wav,Riff1.wav,"distortion,delay"
Riff1_distortion_delay_650.wav,Riff1.wav,"distortion,delay"
Riff1_compressor_overdrive_reverb_651.wav,Riff1.wav,"compressor,overdrive,reverb"
Riff1_compressor_distortion_chorus_652.wav,Riff1.wav,"compressor,distortion,chorus"
Riff1_chorus_delay_653.wav,Riff1.wav,"chorus,delay"
Riff1_overdrive_reverb_654.wav,Riff1.wav,"overdrive,reverb"
Riff1_compressor_overdrive_chorus_delay_655.wav,Riff1.wav,"compressor,overdrive,chorus,delay"
Riff1_chorus_delay_656.wav,Riff1.wav,"chorus,delay"
Riff1_compressor_657.wav,Riff1.wav,compressor
Riff1_compressor_658.wav,Riff1.wav,compressor
Riff1_distortion_delay_659.wav,Riff1.wav,"distortion,delay"
Riff1_distortion_chorus_delay_660.wav,Riff1.wav,"distortion,chorus,delay"
Riff1_compressor_overdrive_chorus_reverb_661.wav,Riff1.wav,"compressor,overdrive,chorus,reverb"
Riff1_overdrive_chorus_delay_662.wav,Riff1.wav,"overdrive,chorus,delay"
Riff1_distortion_chorus_delay_reverb_663.wav,Riff1.wav,"distortion,chorus,delay,reverb"
Riff1_compressor_distortion_reverb_664.wav,Riff1.wav,"compressor,distortion,reverb"
Riff1_distortion_chorus_665.wav,Riff1.wav,"distortion,chorus"
Riff1_delay_reverb_666.wav,Riff1.wav,"delay,reverb"
Riff1_overdrive_667.wav,Riff1.wav,overdrive
Riff1_distortion_668.wav,Riff1.wav,distortion
Riff1_compressor_overdrive_reverb_669.wav,Riff1.wav,"compressor,overdrive,reverb"
Riff1_distortion_reverb_670.wav,Riff1.wav,"distortion,reverb"
Riff1_compressor_overdrive_671.wav,Riff1.wav,"compressor,overdrive"
Riff1_overdrive_chorus_672.wav,Riff1.wav,"overdrive,chorus"
Riff1_compressor_overdrive_reverb_673.wav,Riff1.wav,"compressor,overdrive,reverb"
Riff1_compressor_distortion_delay_674.wav,Riff1.wav,"compressor,distortion,delay"
Riff1_compressor_distortion_delay_reverb_675.wav,Riff1.wav,"compressor,distortion,delay,reverb"
Riff1_distortion_chorus_reverb_676.wav,Riff1.wav,"distortion,chorus,reverb"
Riff1_compressor_overdrive_677.wav,Riff1.wav,"compressor,overdrive"
Riff1_distortion_678.wav,Riff1.wav,distortion
Riff1_compressor_overdrive_chorus_679.wav,Riff1.wav,"compressor,overdrive,chorus"
Riff1_overdrive_680.wav,Riff1.wav,overdrive
Riff1_compressor_distortion_chorus_681.wav,Riff1.wav,"compressor,distortion,chorus"
Riff1_compressor_distortion_chorus_682.wav,Riff1.wav,"compressor,distortion,chorus"
Riff1_compressor_chorus_delay_reverb_683.wav,Riff1.wav,"compressor,chorus,delay,reverb"
Riff1_chorus_684.wav,Riff1.wav,chorus
Riff1_compressor_distortion_chorus_reverb_685.wav,Riff1.wav,"compressor,distortion,chorus,reverb"
Riff1_overdrive_delay_686.wav,Riff1.wav,"overdrive,delay"
Riff1_compressor_distortion_chorus_687.wav,Riff1.wav,"compressor,distortion,chorus"
Riff1_distortion_688.wav,Riff1.wav,distortion
Riff1_overdrive_reverb_689.wav,Riff1.wav,"overdrive,reverb"
Riff1_chorus_690.wav,Riff1.wav,chorus
Riff1_compressor_overdrive_chorus_691.wav,Riff1.wav,"compressor,overdrive,chorus"
Riff1_compressor_distortion_chorus_delay_692.wav,Riff1.wav,"compressor,distortion,chorus,delay"
Riff1_distortion_delay_693.wav,Riff1.wav,"distortion,delay"
Riff1_compressor_distortion_chorus_delay_694.wav,Riff1.wav,"compressor,distortion,chorus,delay"
Riff1_chorus_delay_reverb_695.wav,Riff1.wav,"chorus,delay,reverb"
Riff1_compressor_distortion_delay_696.wav,Riff1.wav,"compressor,distortion,delay"
Riff1_compressor_overdrive_chorus_delay_reverb_697.wav,Riff1.wav,"compressor,overdrive,chorus,delay,reverb"
Riff1_compressor_overdrive_delay_698.wav,Riff1.wav,"compressor,overdrive,delay"
Riff1_distortion_chorus_delay_699.wav,Riff1.wav,"distortion,chorus,delay"
Riff1_delay_reverb_700.wav,Riff1.wav,"delay,reverb"
Riff1_compressor_distortion_delay_701.wav,Riff1.wav,"compressor,distortion,delay"
Riff1_overdrive_chorus_702.wav,Riff1.wav,"overdrive,chorus"
Riff1_overdrive_703.wav,Riff1.wav,overdrive
Riff1_distortion_chorus_reverb_704.wav,Riff1.wav,"distortion,chorus,reverb"
Riff1_delay_reverb_705.wav,Riff1.wav,"delay,reverb"
Riff1_compressor_chorus_706.wav,Riff1.wav,"compressor,chorus"
Riff1_distortion_delay_reverb_707.wav,Riff1.wav,"distortion,delay,reverb"
Riff1_compressor_distortion_708.wav,Riff1.wav,"compressor,distortion"
Riff1_compressor_chorus_709.wav,Riff1.wav,"compressor,chorus"
Riff1_chorus_delay_710.wav,Riff1.wav,"chorus,delay"
Riff1_compressor_distortion_711.wav,Riff1.wav,"compressor,distortion"
Riff1_compressor_overdrive_delay_reverb_712.wav,Riff1.wav,"compressor,overdrive,delay,reverb"
Riff1_compressor_distortion_delay_713.wav,Riff1.wav,"compressor,distortion,delay"
Riff1_overdrive_chorus_714.wav,Riff1.wav,"overdrive,chorus"
Riff1_compressor_overdrive_reverb_715.wav,Riff1.wav,"compressor,overdrive,reverb"
Riff1_compressor_overdrive_delay_reverb_716.wav,Riff1.wav,"compressor,overdrive,delay,reverb"
Riff1_compressor_delay_717.wav,Riff1.wav,"compressor,delay"
Riff1_overdrive_delay_718.wav,Riff1.wav,"overdrive,delay"
Riff1_overdrive_719.wav,Riff1.wav,overdrive
Riff1_compressor_distortion_720.wav,Riff1.wav,"compressor,distortion"
Riff1_compressor_overdrive_delay_721.wav,Riff1.wav,"compressor,overdrive,delay"
Riff1_compressor_delay_reverb_722.wav,Riff1.wav,"compressor,delay,reverb"
Riff1_compressor_distortion_reverb_723.wav,Riff1.wav,"compressor,distortion,reverb"
Riff1_compressor_overdrive_delay_724.wav,Riff1.wav,"compressor,overdrive,delay"
Riff1_distortion_chorus_725.wav,Riff1.wav,"distortion,chorus"
Riff1_compressor_overdrive_chorus_delay_reverb_726.wav,Riff1.wav,"compressor,overdrive,chorus,delay,reverb"
Riff1_compressor_overdrive_delay_727.wav,Riff1.wav,"compressor,overdrive,delay"
Riff1_overdrive_728.wav,Riff1.wav,overdrive
Riff1_chorus_delay_729.wav,Riff1.wav,"chorus,delay"
Riff1_overdrive_delay_730.wav,Riff1.wav,"overdrive,delay"
Riff1_reverb_731.wav,Riff1.wav,reverb
Riff1_compressor_overdrive_delay_732.wav,Riff1.wav,"compressor,overdrive,delay"
Riff1_compressor_overdrive_delay_reverb_733.wav,Riff1.wav,"compressor,overdrive,delay,reverb"
Riff1_chorus_reverb_734.wav,Riff1.wav,"chorus,reverb"
Riff1_compressor_distortion_chorus_reverb_735.wav,Riff1.wav,"compressor,distortion,chorus,reverb"
Riff1_compressor_overdrive_chorus_delay_736.wav,Riff1.wav,"compressor,overdrive,chorus,delay"
Riff1_overdrive_delay_737.wav,Riff1.wav,"overdrive,delay"
Riff1_compressor_overdrive_delay_reverb_738.wav,Riff1.wav,"compressor,overdrive,delay,reverb"
Riff1_distortion_chorus_delay_739.wav,Riff1.wav,"distortion,chorus,delay"
Riff1_overdrive_chorus_740.wav,Riff1.wav,"overdrive,chorus"
Riff1_compressor_distortion_delay_741.wav,Riff1.wav,"compressor,distortion,delay"
Riff1_overdrive_742.wav,Riff1.wav,overdrive
Riff1_distortion_743.wav,Riff1.wav,distortion
Riff1_compressor_distortion_reverb_744.wav,Riff1.wav,"compressor,distortion,reverb"
Riff1_chorus_delay_745.wav,Riff1.wav,"chorus,delay"
Riff1_compressor_746.wav,Riff1.wav,compressor
Riff1_compressor_chorus_747.wav,Riff1.wav,"compressor,chorus"
Riff1_distortion_chorus_reverb_748.wav,Riff1.wav,"distortion,chorus,reverb"
Riff1_distortion_reverb_749.wav,Riff1.wav,"distortion,reverb"
Riff1_distortion_reverb_750.wav,Riff1.wav,"distortion,reverb"
Riff1_compressor_overdrive_chorus_delay_reverb_751.wav,Riff1.wav,"compressor,overdrive,chorus,delay,reverb"
Riff1_compressor_overdrive_chorus_delay_reverb_752.wav,Riff1.wav,"compressor,overdrive,chorus,delay,reverb"
Riff1_delay_reverb_753.wav,Riff1.wav,"delay,reverb"
Riff1_compressor_overdrive_reverb_754.wav,Riff1.wav,"compressor,overdrive,reverb"
Riff1_compressor_overdrive_755.wav,Riff1.wav,"compressor,overdrive"
Riff1_chorus_756.wav,Riff1.wav,chorus
Riff1_distortion_chorus_757.wav,Riff1.wav,"distortion,chorus"
Riff1_compressor_delay_reverb_758.wav,Riff1.wav,"compressor,delay,reverb"
Riff1_overdrive_delay_759.wav,Riff1.wav,"overdrive,delay"
Riff1_compressor_distortion_chorus_delay_reverb_760.wav,Riff1.wav,"compressor,distortion,chorus,delay,reverb"
Riff1_overdrive_761.wav,Riff1.wav,overdrive
Riff1_compressor_overdrive_delay_762.wav,Riff1.wav,"compressor,overdrive,delay"
Riff1_distortion_delay_763.wav,Riff1.wav,"distortion,delay"
Riff1_compressor_distortion_delay_764.wav,Riff1.wav,"compressor,distortion,delay"
Riff1_overdrive_765.wav,Riff1.wav,overdrive
Riff1_distortion_delay_reverb_766.wav,Riff1.wav,"distortion,delay,reverb"
Riff1_compressor_distortion_chorus_reverb_767.wav,Riff1.wav,"compressor,distortion,chorus,reverb"
Riff1_distortion_768.wav,Riff1.wav,distortion
Riff1_distortion_chorus_769.wav,Riff1.wav,"distortion,chorus"
Riff1_compressor_distortion_chorus_770.wav,Riff1.wav,"compressor,distortion,chorus"
Riff1_compressor_distortion_771.wav,Riff1.wav,"compressor,distortion"
Riff1_compressor_delay_772.wav,Riff1.wav,"compressor,delay"
Riff1_compressor_773.wav,Riff1.wav,compressor
Riff1_compressor_overdrive_delay_reverb_774.wav,Riff1.wav,"compressor,overdrive,delay,reverb"
Riff1_compressor_distortion_775.wav,Riff1.wav,"compressor,distortion"
Riff1_compressor_overdrive_delay_776.wav,Riff1.wav,"compressor,overdrive,delay"
Riff1_overdrive_777.wav,Riff1.wav,overdrive
Riff1_compressor_delay_778.wav,Riff1.wav,"compressor,delay"
Riff1_distortion_delay_779.wav,Riff1.wav,"distortion,delay"
Riff1_compressor_overdrive_delay_780.wav,Riff1.wav,"compressor,overdrive,delay"
Riff1_overdrive_chorus_delay_781.wav,Riff1.wav,"overdrive,chorus,delay"
Riff1_chorus_782.wav,Riff1.wav,chorus
Riff1_compressor_distortion_chorus_reverb_783.wav,Riff1.wav,"compressor,distortion,chorus,reverb"
Riff1_distortion_delay_reverb_784.wav,Riff1.wav,"distortion,delay,reverb"
Riff1_compressor_distortion_chorus_reverb_785.wav,Riff1.wav,"compressor,distortion,chorus,reverb"
Riff1_compressor_overdrive_reverb_786.wav,Riff1.wav,"compressor,overdrive,reverb"
Riff1_distortion_delay_787.wav,Riff1.wav,"distortion,delay"
Riff1_overdrive_chorus_reverb_788.wav,Riff1.wav,"overdrive,chorus,reverb"
Riff1_distortion_789.wav,Riff1.wav,distortion
Riff1_distortion_790.wav,Riff1.wav,distortion
Riff1_overdrive_791.wav,Riff1.wav,overdrive
Riff1_overdrive_chorus_delay_792.wav,Riff1.wav,"overdrive,chorus,delay"
Riff1_compressor_distortion_delay_reverb_793.wav,Riff1.wav,"compressor,distortion,delay,reverb"
Riff1_chorus_reverb_794.wav,Riff1.wav,"chorus,reverb"
Riff1_distortion_795.wav,Riff1.wav,distortion
Riff1_compressor_chorus_796.wav,Riff1.wav,"compressor,chorus"
Riff1_overdrive_delay_reverb_797.wav,Riff1.wav,"overdrive,delay,reverb"
Riff1_overdrive_chorus_delay_reverb_798.wav,Riff1.wav,"overdrive,chorus,delay,reverb"
Riff1_compressor_distortion_799.wav,Riff1.wav,"compressor,distortion"
Riff2_compressor_distortion_800.wav,Riff2.wav,"compressor,distortion"
Riff2_compressor_overdrive_chorus_reverb_801.wav,Riff2.wav,"compressor,overdrive,chorus,reverb"
Riff2_chorus_reverb_802.wav,Riff2.wav,"chorus,reverb"
Riff2_overdrive_delay_803.wav,Riff2.wav,"overdrive,delay"
Riff2_distortion_chorus_delay_804.wav,Riff2.wav,"distortion,chorus,delay"
Riff2_distortion_805.wav,Riff2.wav,distortion
Riff2_compressor_distortion_delay_806.wav,Riff2.wav,"compressor,distortion,delay"
Riff2_overdrive_chorus_delay_807.wav,Riff2.wav,"overdrive,chorus,delay"
Riff2_distortion_reverb_808.wav,Riff2.wav,"distortion,reverb"
Riff2_overdrive_delay_reverb_809.wav,Riff2.wav,"overdrive,delay,reverb"
Riff2_distortion_chorus_810.wav,Riff2.wav,"distortion,chorus"
Riff2_compressor_overdrive_delay_811.wav,Riff2.wav,"compressor,overdrive,delay"
Riff2_overdrive_reverb_812.wav,Riff2.wav,"overdrive,reverb"
Riff2_compressor_overdrive_813.wav,Riff2.wav,"compressor,overdrive"
Riff2_overdrive_reverb_814.wav,Riff2.wav,"overdrive,reverb"
Riff2_compressor_distortion_delay_815.wav,Riff2.wav,"compressor,distortion,delay"
Riff2_compressor_distortion_reverb_816.wav,Riff2.wav,"compressor,distortion,reverb"
Riff2_compressor_chorus_delay_817.wav,Riff2.wav,"compressor,chorus,delay"
Riff2_overdrive_chorus_delay_818.wav,Riff2.wav,"overdrive,chorus,delay"
Riff2_overdrive_chorus_819.wav,Riff2.wav,"overdrive,chorus"
Riff2_compressor_overdrive_chorus_820.wav,Riff2.wav,"compressor,overdrive,chorus"
Riff2_overdrive_chorus_821.wav,Riff2.wav,"overdrive,chorus"
Riff2_compressor_overdrive_chorus_822.wav,Riff2.wav,"compressor,overdrive,chorus"
Riff2_overdrive_chorus_823.wav,Riff2.wav,"overdrive,chorus"
Riff2_overdrive_reverb_824.wav,Riff2.wav,"overdrive,reverb"
Riff2_distortion_825.wav,Riff2.wav,distortion
Riff2_distortion_chorus_826.wav,Riff2.wav,"distortion,chorus"
Riff2_overdrive_delay_827.wav,Riff2.wav,"overdrive,delay"
Riff2_compressor_distortion_chorus_828.wav,Riff2.wav,"compressor,distortion,chorus"
Riff2_chorus_delay_reverb_829.wav,Riff2.wav,"chorus,delay,reverb"
Riff2_distortion_830.wav,Riff2.wav,distortion
Riff2_compressor_distortion_chorus_delay_831.wav,Riff2.wav,"compressor,distortion,chorus,delay"
Riff2_overdrive_reverb_832.wav,Riff2.wav,"overdrive,reverb"
Riff2_distortion_reverb_833.wav,Riff2.wav,"distortion,reverb"
Riff2_overdrive_delay_834.wav,Riff2.wav,"overdrive,delay"
Riff2_distortion_chorus_delay_835.wav,Riff2.wav,"distortion,chorus,delay"
Riff2_chorus_delay_836.wav,Riff2.wav,"chorus,delay"
Riff2_compressor_overdrive_837.wav,Riff2.wav,"compressor,overdrive"
Riff2_compressor_overdrive_chorus_838.wav,Riff2.wav,"compressor,overdrive,chorus"
Riff2_compressor_distortion_delay_839.wav,Riff2.wav,"compressor,distortion,delay"
Riff2_overdrive_delay_840.wav,Riff2.wav,"overdrive,delay"
Riff2_delay_841.wav,Riff2.wav,delay
Riff2_distortion_reverb_842.wav,Riff2.wav,"distortion,reverb"
Riff2_overdrive_843.wav,Riff2.wav,overdrive
Riff2_distortion_reverb_844.wav,Riff2.wav,"distortion,reverb"
Riff2_compressor_overdrive_chorus_delay_845.wav,Riff2.wav,"compressor,overdrive,chorus,delay"
Riff2_overdrive_reverb_846.wav,Riff2.wav,"overdrive,reverb"
Riff2_overdrive_delay_847.wav,Riff2.wav,"overdrive,delay"
Riff2_compressor_overdrive_848.wav,Riff2.wav,"compressor,overdrive"
Riff2_overdrive_chorus_delay_reverb_849.wav,Riff2.wav,"overdrive,chorus,delay,reverb"
Riff2_compressor_overdrive_delay_850.wav,Riff2.wav,"compressor,overdrive,delay"
Riff2_compressor_overdrive_851.wav,Riff2.wav,"compressor,overdrive"
Riff2_overdrive_delay_852.wav,Riff2.wav,"overdrive,delay"
Riff2_compressor_distortion_853.wav,Riff2.wav,"compressor,distortion"
Riff2_overdrive_delay_854.wav,Riff2.wav,"overdrive,delay"
Riff2_compressor_chorus_reverb_855.wav,Riff2.wav,"compressor,chorus,reverb"
Riff2_compressor_overdrive_chorus_856.wav,Riff2.wav,"compressor,overdrive,chorus"
Riff2_distortion_857.wav,Riff2.wav,distortion
Riff2_distortion_reverb_858.wav,Riff2.wav,"distortion,reverb"
Riff2_compressor_distortion_delay_859.wav,Riff2.wav,"compressor,distortion,delay"
Riff2_overdrive_chorus_delay_860.wav,Riff2.wav,"overdrive,chorus,delay"
Riff2_compressor_distortion_delay_reverb_861.wav,Riff2.wav,"compressor,distortion,delay,reverb"
Riff2_distortion_862.wav,Riff2.wav,distortion
Riff2_compressor_overdrive_chorus_reverb_863.wav,Riff2.wav,"compressor,overdrive,chorus,reverb"
Riff2_compressor_distortion_864.wav,Riff2.wav,"compressor,distortion"
Riff2_compressor_distortion_reverb_865.wav,Riff2.wav,"compressor,distortion,reverb"
Riff2_compressor_distortion_chorus_delay_reverb_866.wav,Riff2.wav,"compressor,distortion,chorus,delay,reverb"
Riff2_delay_867.wav,Riff2.wav,delay
Riff2_compressor_overdrive_chorus_868.wav,Riff2.wav,"compressor,overdrive,chorus"
Riff2_distortion_869.wav,Riff2.wav,distortion
Riff2_distortion_870.wav,Riff2.wav,distortion
Riff2_compressor_chorus_871.wav,Riff2.wav,"compressor,chorus"
Riff2_overdrive_reverb_872.wav,Riff2.wav,"overdrive,reverb"
Riff2_distortion_873.wav,Riff2.wav,distortion
Riff2_distortion_chorus_reverb_874.wav,Riff2.wav,"distortion,chorus,reverb"
Riff2_compressor_distortion_reverb_875.wav,Riff2.wav,"compressor,distortion,reverb"
Riff2_distortion_chorus_delay_876.wav,Riff2.wav,"distortion,chorus,delay"
Riff2_compressor_distortion_delay_877.wav,Riff2.wav,"compressor,distortion,delay"
Riff2_compressor_distortion_chorus_delay_878.wav,Riff2.wav,"compressor,distortion,chorus,delay"
Riff2_overdrive_879.wav,Riff2.wav,overdrive
Riff2_overdrive_delay_880.wav,Riff2.wav,"overdrive,delay"
Riff2_distortion_chorus_881.wav,Riff2.wav,"distortion,chorus"
Riff2_overdrive_chorus_reverb_882.wav,Riff2.wav,"overdrive,chorus,reverb"
Riff2_compressor_overdrive_delay_reverb_883.wav,Riff2.wav,"compressor,overdrive,delay,reverb"
Riff2_overdrive_reverb_884.wav,Riff2.wav,"overdrive,reverb"
Riff2_compressor_distortion_chorus_885.wav,Riff2.wav,"compressor,distortion,chorus"
Riff2_overdrive_delay_886.wav,Riff2.wav,"overdrive,delay"
Riff2_compressor_overdrive_chorus_delay_887.wav,Riff2.wav,"compressor,overdrive,chorus,delay"
Riff2_compressor_distortion_888.wav,Riff2.wav,"compressor,distortion"
Riff2_distortion_889.wav,Riff2.wav,distortion
Riff2_overdrive_chorus_reverb_890.wav,Riff2.wav,"overdrive,chorus,reverb"
Riff2_overdrive_chorus_delay_891.wav,Riff2.wav,"overdrive,chorus,delay"
Riff2_overdrive_892.wav,Riff2.wav,overdrive
Riff2_delay_reverb_893.wav,Riff2.wav,"delay,reverb"
Riff2_distortion_chorus_reverb_894.wav,Riff2.wav,"distortion,chorus,reverb"
Riff2_compressor_overdrive_chorus_895.wav,Riff2.wav,"compressor,overdrive,chorus"
Riff2_compressor_overdrive_chorus_delay_896.wav,Riff2.wav,"compressor,overdrive,chorus,delay"
Riff2_compressor_overdrive_chorus_delay_897.wav,Riff2.wav,"compressor,overdrive,chorus,delay"
Riff2_compressor_distortion_898.wav,Riff2.wav,"compressor,distortion"
Riff2_overdrive_delay_899.wav,Riff2.wav,"overdrive,delay"
Riff2_distortion_900.wav,Riff2.wav,distortion
Riff2_distortion_reverb_901.wav,Riff2.wav,"distortion,reverb"
Riff2_delay_902.wav,Riff2.wav,delay
Riff2_compressor_distortion_chorus_delay_903.wav,Riff2.wav,"compressor,distortion,chorus,delay"
Riff2_compressor_overdrive_chorus_delay_904.wav,Riff2.wav,"compressor,overdrive,chorus,delay"
Riff2_distortion_905.wav,Riff2.wav,distortion
Riff2_distortion_chorus_reverb_906.wav,Riff2.wav,"distortion,chorus,reverb"
Riff2_compressor_distortion_907.wav,Riff2.wav,"compressor,distortion"
Riff2_compressor_overdrive_chorus_reverb_908.wav,Riff2.wav,"compressor,overdrive,chorus,reverb"
Riff2_distortion_reverb_909.wav,Riff2.wav,"distortion,reverb"
Riff2_compressor_distortion_chorus_delay_910.wav,Riff2.wav,"compressor,distortion,chorus,delay"
Riff2_compressor_distortion_delay_911.wav,Riff2.wav,"compressor,distortion,delay"
Riff2_overdrive_chorus_912.wav,Riff2.wav,"overdrive,chorus"
Riff2_distortion_delay_reverb_913.wav,Riff2.wav,"distortion,delay,reverb"
Riff2_compressor_overdrive_chorus_delay_914.wav,Riff2.wav,"compressor,overdrive,chorus,delay"
Riff2_distortion_chorus_reverb_915.wav,Riff2.wav,"distortion,chorus,reverb"
Riff2_delay_916.wav,Riff2.wav,delay
Riff2_compressor_overdrive_917.wav,Riff2.wav,"compressor,overdrive"
Riff2_compressor_918.wav,Riff2.wav,compressor
Riff2_distortion_reverb_919.wav,Riff2.wav,"distortion,reverb"
Riff2_compressor_overdrive_chorus_delay_920.wav,Riff2.wav,"compressor,overdrive,chorus,delay"
Riff2_compressor_distortion_chorus_921.wav,Riff2.wav,"compressor,distortion,chorus"
Riff2_compressor_overdrive_chorus_922.wav,Riff2.wav,"compressor,overdrive,chorus"
Riff2_distortion_923.wav,Riff2.wav,distortion
Riff2_overdrive_chorus_delay_924.wav,Riff2.wav,"overdrive,chorus,delay"
Riff2_distortion_chorus_reverb_925.wav,Riff2.wav,"distortion,chorus,reverb"
Riff2_overdrive_926.wav,Riff2.wav,overdrive
Riff2_distortion_reverb_927.wav,Riff2.wav,"distortion,reverb"
Riff2_chorus_delay_928.wav,Riff2.wav,"chorus,delay"
Riff2_compressor_overdrive_929.wav,Riff2.wav,"compressor,overdrive"
Riff2_compressor_distortion_chorus_930.wav,Riff2.wav,"compressor,distortion,chorus"
Riff2_compressor_overdrive_931.wav,Riff2.wav,"compressor,overdrive"
Riff2_overdrive_chorus_932.wav,Riff2.wav,"overdrive,chorus"
Riff2_compressor_overdrive_delay_933.wav,Riff2.wav,"compressor,overdrive,delay"
Riff2_compressor_distortion_934.wav,Riff2.wav,"compressor,distortion"
Riff2_overdrive_delay_935.wav,Riff2.wav,"overdrive,delay"
Riff2_distortion_chorus_reverb_936.wav,Riff2.wav,"distortion,chorus,reverb"
Riff2_distortion_delay_reverb_937.wav,Riff2.wav,"distortion,delay,reverb"
Riff2_compressor_overdrive_delay_reverb_938.wav,Riff2.wav,"compressor,overdrive,delay,reverb"
Riff2_overdrive_939.wav,Riff2.wav,overdrive
Riff2_delay_reverb_940.wav,Riff2.wav,"delay,reverb"
Riff2_distortion_delay_reverb_941.wav,Riff2.wav,"distortion,delay,reverb"
Riff2_compressor_delay_942.wav,Riff2.wav,"compressor,delay"
Riff2_compressor_delay_reverb_943.wav,Riff2.wav,"compressor,delay,reverb"
Riff2_compressor_overdrive_944.wav,Riff2.wav,"compressor,overdrive"
Riff2_distortion_delay_945.wav,Riff2.wav,"distortion,delay"
Riff2_overdrive_delay_946.wav,Riff2.wav,"overdrive,delay"
Riff2_delay_reverb_947.wav,Riff2.wav,"delay,reverb"
Riff2_distortion_948.wav,Riff2.wav,distortion
Riff2_distortion_chorus_delay_949.wav,Riff2.wav,"distortion,chorus,delay"
Riff2_overdrive_chorus_delay_950.wav,Riff2.wav,"overdrive,chorus,delay"
Riff2_compressor_reverb_951.wav,Riff2.wav,"compressor,reverb"
Riff2_compressor_reverb_952.wav,Riff2.wav,"compressor,reverb"
Riff2_overdrive_reverb_953.wav,Riff2.wav,"overdrive,reverb"
Riff2_overdrive_954.wav,Riff2.wav,overdrive
Riff2_overdrive_delay_955.wav,Riff2.wav,"overdrive,delay"
Riff2_compressor_distortion_chorus_956.wav,Riff2.wav,"compressor,distortion,chorus"
Riff2_overdrive_chorus_delay_957.wav,Riff2.wav,"overdrive,chorus,delay"
Riff2_overdrive_chorus_reverb_958.wav,Riff2.wav,"overdrive,chorus,reverb"
Riff2_chorus_delay_959.wav,Riff2.wav,"chorus,delay"
Riff2_distortion_delay_960.wav,Riff2.wav,"distortion,delay"
Riff2_overdrive_delay_reverb_961.wav,Riff2.wav,"overdrive,delay,reverb"
Riff2_overdrive_delay_962.wav,Riff2.wav,"overdrive,delay"
Riff2_distortion_963.wav,Riff2.wav,distortion
Riff2_compressor_overdrive_delay_964.wav,Riff2.wav,"compressor,overdrive,delay"
Riff2_overdrive_delay_965.wav,Riff2.wav,"overdrive,delay"
Riff2_distortion_966.wav,Riff2.wav,distortion
Riff2_distortion_chorus_967.wav,Riff2.wav,"distortion,chorus"
Riff2_compressor_distortion_968.wav,Riff2.wav,"compressor,distortion"
Riff2_distortion_reverb_969.wav,Riff2.wav,"distortion,reverb"
Riff2_overdrive_970.wav,Riff2.wav,overdrive
Riff2_compressor_overdrive_chorus_delay_971.wav,Riff2.wav,"compressor,overdrive,chorus,delay"
Riff2_compressor_chorus_972.wav,Riff2.wav,"compressor,chorus"
Riff2_compressor_overdrive_chorus_reverb_973.wav,Riff2.wav,"compressor,overdrive,chorus,reverb"
Riff2_compressor_chorus_delay_974.wav,Riff2.wav,"compressor,chorus,delay"
Riff2_overdrive_delay_975.wav,Riff2.wav,"overdrive,delay"
Riff2_overdrive_delay_reverb_976.wav,Riff2.wav,"overdrive,delay,reverb"
Riff2_compressor_delay_reverb_977.wav,Riff2.wav,"compressor,delay,reverb"
Riff2_overdrive_delay_978.wav,Riff2.wav,"overdrive,delay"
Riff2_compressor_overdrive_delay_979.wav,Riff2.wav,"compressor,overdrive,delay"
Riff2_delay_reverb_980.wav,Riff2.wav,"delay,reverb"
Riff2_overdrive_chorus_981.wav,Riff2.wav,"overdrive,chorus"
Riff2_compressor_distortion_delay_982.wav,Riff2.wav,"compressor,distortion,delay"
Riff2_compressor_overdrive_delay_983.wav,Riff2.wav,"compressor,overdrive,delay"
Riff2_overdrive_984.wav,Riff2.wav,overdrive
Riff2_compressor_overdrive_985.wav,Riff2.wav,"compressor,overdrive"
Riff2_chorus_delay_reverb_986.wav,Riff2.wav,"chorus,delay,reverb"
Riff2_distortion_987.wav,Riff2.wav,distortion
Riff2_distortion_delay_988.wav,Riff2.wav,"distortion,delay"
Riff2_reverb_989.wav,Riff2.wav,reverb
Riff2_compressor_overdrive_990.wav,Riff2.wav,"compressor,overdrive"
Riff2_compressor_distortion_chorus_delay_reverb_991.wav,Riff2.wav,"compressor,distortion,chorus,delay,reverb"
Riff2_overdrive_992.wav,Riff2.wav,overdrive
Riff2_overdrive_993.wav,Riff2.wav,overdrive
Riff2_compressor_delay_reverb_994.wav,Riff2.wav,"compressor,delay,reverb"
Riff2_compressor_distortion_delay_995.wav,Riff2.wav,"compressor,distortion,delay"
Riff2_compressor_distortion_chorus_reverb_996.wav,Riff2.wav,"compressor,distortion,chorus,reverb"
Riff2_overdrive_reverb_997.wav,Riff2.wav,"overdrive,reverb"
Riff2_compressor_distortion_998.wav,Riff2.wav,"compressor,distortion"
Riff2_overdrive_chorus_delay_999.wav,Riff2.wav,"overdrive,chorus,delay"
Riff2_overdrive_1000.wav,Riff2.wav,overdrive
Riff2_compressor_overdrive_1001.wav,Riff2.wav,"compressor,overdrive"
Riff2_compressor_chorus_reverb_1002.wav,Riff2.wav,"compressor,chorus,reverb"
Riff2_compressor_chorus_delay_1003.wav,Riff2.wav,"compressor,chorus,delay"
Riff2_chorus_reverb_1004.wav,Riff2.wav,"chorus,reverb"
Riff2_compressor_distortion_1005.wav,Riff2.wav,"compressor,distortion"
Riff2_compressor_distortion_1006.wav,Riff2.wav,"compressor,distortion"
Riff2_compressor_overdrive_delay_1007.wav,Riff2.wav,"compressor,overdrive,delay"
Riff2_compressor_overdrive_1008.wav,Riff2.wav,"compressor,overdrive"
Riff2_compressor_distortion_delay_1009.wav,Riff2.wav,"compressor,distortion,delay"
Riff2_distortion_delay_1010.wav,Riff2.wav,"distortion,delay"
Riff2_compressor_overdrive_chorus_delay_reverb_1011.wav,Riff2.wav,"compressor,overdrive,chorus,delay,reverb"
Riff2_compressor_distortion_reverb_1012.wav,Riff2.wav,"compressor,distortion,reverb"
Riff2_delay_1013.wav,Riff2.wav,delay
Riff2_distortion_1014.wav,Riff2.wav,distortion
Riff2_compressor_overdrive_delay_reverb_1015.wav,Riff2.wav,"compressor,overdrive,delay,reverb"
Riff2_distortion_reverb_1016.wav,Riff2.wav,"distortion,reverb"
Riff2_compressor_overdrive_chorus_delay_reverb_1017.wav,Riff2.wav,"compressor,overdrive,chorus,delay,reverb"
Riff2_compressor_distortion_chorus_1018.wav,Riff2.wav,"compressor,distortion,chorus"
Riff2_distortion_delay_1019.wav,Riff2.wav,"distortion,delay"
Riff2_compressor_overdrive_delay_reverb_1020.wav,Riff2.wav,"compressor,overdrive,delay,reverb"
Riff2_compressor_overdrive_chorus_delay_reverb_1021.wav,Riff2.wav,"compressor,overdrive,chorus,delay,reverb"
Riff2_overdrive_delay_reverb_1022.wav,Riff2.wav,"overdrive,delay,reverb"
Riff2_distortion_chorus_1023.wav,Riff2.wav,"distortion,chorus"
Riff2_distortion_1024.wav,Riff2.wav,distortion
Riff2_compressor_overdrive_1025.wav,Riff2.wav,"compressor,overdrive"
Riff2_distortion_chorus_1026.wav,Riff2.wav,"distortion,chorus"
Riff2_compressor_overdrive_chorus_reverb_1027.wav,Riff2.wav,"compressor,overdrive,chorus,reverb"
Riff2_distortion_reverb_1028.wav,Riff2.wav,"distortion,reverb"
Riff2_overdrive_chorus_1029.wav,Riff2.wav,"overdrive,chorus"
Riff2_distortion_1030.wav,Riff2.wav,distortion
Riff2_compressor_overdrive_chorus_delay_1031.wav,Riff2.wav,"compressor,overdrive,chorus,delay"
Riff2_compressor_1032.wav,Riff2.wav,compressor
Riff2_overdrive_delay_reverb_1033.wav,Riff2.wav,"overdrive,delay,reverb"
Riff2_compressor_distortion_1034.wav,Riff2.wav,"compressor,distortion"
Riff2_overdrive_delay_1035.wav,Riff2.wav,"overdrive,delay"
Riff2_compressor_distortion_delay_reverb_1036.wav,Riff2.wav,"compressor,distortion,delay,reverb"
Riff2_compressor_distortion_reverb_1037.wav,Riff2.wav,"compressor,distortion,reverb"
Riff2_compressor_distortion_1038.wav,Riff2.wav,"compressor,distortion"
Riff2_distortion_delay_1039.wav,Riff2.wav,"distortion,delay"
Riff2_compressor_distortion_chorus_1040.wav,Riff2.wav,"compressor,distortion,chorus"
Riff2_overdrive_1041.wav,Riff2.wav,overdrive
Riff2_compressor_distortion_chorus_1042.wav,Riff2.wav,"compressor,distortion,chorus"
Riff2_compressor_distortion_1043.wav,Riff2.wav,"compressor,distortion"
Riff2_compressor_overdrive_1044.wav,Riff2.wav,"compressor,overdrive"
Riff2_compressor_delay_reverb_1045.wav,Riff2.wav,"compressor,delay,reverb"
Riff2_overdrive_chorus_delay_1046.wav,Riff2.wav,"overdrive,chorus,delay"
Riff2_chorus_1047.wav,Riff2.wav,chorus
Riff2_compressor_distortion_1048.wav,Riff2.wav,"compressor,distortion"
Riff2_compressor_distortion_reverb_1049.wav,Riff2.wav,"compressor,distortion,reverb"
Riff2_overdrive_reverb_1050.wav,Riff2.wav,"overdrive,reverb"
Riff2_compressor_overdrive_delay_1051.wav,Riff2.wav,"compressor,overdrive,delay"
Riff2_distortion_delay_1052.wav,Riff2.wav,"distortion,delay"
Riff2_compressor_distortion_delay_1053.wav,Riff2.wav,"compressor,distortion,delay"
Riff2_compressor_overdrive_1054.wav,Riff2.wav,"compressor,overdrive"
Riff2_distortion_chorus_reverb_1055.wav,Riff2.wav,"distortion,chorus,reverb"
Riff2_overdrive_delay_reverb_1056.wav,Riff2.wav,"overdrive,delay,reverb"
Riff2_distortion_chorus_delay_1057.wav,Riff2.wav,"distortion,chorus,delay"
Riff2_overdrive_1058.wav,Riff2.wav,overdrive
Riff2_compressor_distortion_delay_1059.wav,Riff2.wav,"compressor,distortion,delay"
Riff2_compressor_distortion_chorus_1060.wav,Riff2.wav,"compressor,distortion,chorus"
Riff2_overdrive_delay_1061.wav,Riff2.wav,"overdrive,delay"
Riff2_overdrive_delay_reverb_1062.wav,Riff2.wav,"overdrive,delay,reverb"
Riff2_distortion_1063.wav,Riff2.wav,distortion
Riff2_distortion_delay_reverb_1064.wav,Riff2.wav,"distortion,delay,reverb"
Riff2_compressor_distortion_1065.wav,Riff2.wav,"compressor,distortion"
Riff2_overdrive_1066.wav,Riff2.wav,overdrive
Riff2_distortion_chorus_reverb_1067.wav,Riff2.wav,"distortion,chorus,reverb"
Riff2_compressor_chorus_delay_1068.wav,Riff2.wav,"compressor,chorus,delay"
Riff2_compressor_chorus_delay_reverb_1069.wav,Riff2.wav,"compressor,chorus,delay,reverb"
Riff2_distortion_1070.wav,Riff2.wav,distortion
Riff2_delay_1071.wav,Riff2.wav,delay
Riff2_compressor_distortion_chorus_reverb_1072.wav,Riff2.wav,"compressor,distortion,chorus,reverb"
Riff2_distortion_reverb_1073.wav,Riff2.wav,"distortion,reverb"
Riff2_overdrive_reverb_1074.wav,Riff2.wav,"overdrive,reverb"
Riff2_distortion_reverb_1075.wav,Riff2.wav,"distortion,reverb"
Riff2_compressor_distortion_delay_1076.wav,Riff2.wav,"compressor,distortion,delay"
Riff2_overdrive_delay_1077.wav,Riff2.wav,"overdrive,delay"
Riff2_overdrive_1078.wav,Riff2.wav,overdrive
Riff2_chorus_delay_1079.wav,Riff2.wav,"chorus,delay"
Riff2_overdrive_chorus_reverb_1080.wav,Riff2.wav,"overdrive,chorus,reverb"
Riff2_overdrive_reverb_1081.wav,Riff2.wav,"overdrive,reverb"
Riff2_compressor_overdrive_delay_1082.wav,Riff2.wav,"compressor,overdrive,delay"
Riff2_overdrive_delay_reverb_1083.wav,Riff2.wav,"overdrive,delay,reverb"
Riff2_overdrive_delay_1084.wav,Riff2.wav,"overdrive,delay"
Riff2_compressor_delay_reverb_1085.wav,Riff2.wav,"compressor,delay,reverb"
Riff2_compressor_distortion_chorus_1086.wav,Riff2.wav,"compressor,distortion,chorus"
Riff2_distortion_chorus_1087.wav,Riff2.wav,"distortion,chorus"
Riff2_overdrive_1088.wav,Riff2.wav,overdrive
Riff2_compressor_overdrive_delay_1089.wav,Riff2.wav,"compressor,overdrive,delay"
Riff2_overdrive_delay_1090.wav,Riff2.wav,"overdrive,delay"
Riff2_compressor_overdrive_chorus_1091.wav,Riff2.wav,"compressor,overdrive,chorus"
Riff2_compressor_distortion_reverb_1092.wav,Riff2.wav,"compressor,distortion,reverb"
Riff2_overdrive_delay_reverb_1093.wav,Riff2.wav,"overdrive,delay,reverb"
Riff2_distortion_chorus_delay_1094.wav,Riff2.wav,"distortion,chorus,delay"
Riff2_overdrive_1095.wav,Riff2.wav,overdrive
Riff2_distortion_reverb_1096.wav,Riff2.wav,"distortion,reverb"
Riff2_overdrive_chorus_delay_1097.wav,Riff2.wav,"overdrive,chorus,delay"
Riff2_compressor_1098.wav,Riff2.wav,compressor
Riff2_compressor_chorus_delay_1099.wav,Riff2.wav,"compressor,chorus,delay"
Riff2_overdrive_reverb_1100.wav,Riff2.wav,"overdrive,reverb"
Riff2_compressor_distortion_1101.wav,Riff2.wav,"compressor,distortion"
Riff2_compressor_distortion_delay_1102.wav,Riff2.wav,"compressor,distortion,delay"
Riff2_distortion_reverb_1103.wav,Riff2.wav,"distortion,reverb"
Riff2_compressor_delay_1104.wav,Riff2.wav,"compressor,delay"
Riff2_compressor_distortion_reverb_1105.wav,Riff2.wav,"compressor,distortion,reverb"
Riff2_overdrive_chorus_1106.wav,Riff2.wav,"overdrive,chorus"
Riff2_compressor_overdrive_delay_1107.wav,Riff2.wav,"compressor,overdrive,delay"
Riff2_compressor_distortion_delay_1108.wav,Riff2.wav,"compressor,distortion,delay"
Riff2_compressor_chorus_delay_1109.wav,Riff2.wav,"compressor,chorus,delay"
Riff2_distortion_1110.wav,Riff2.wav,distortion
Riff2_distortion_1111.wav,Riff2.wav,distortion
Riff2_distortion_chorus_1112.wav,Riff2.wav,"distortion,chorus"
Riff2_distortion_chorus_delay_1113.wav,Riff2.wav,"distortion,chorus,delay"
Riff2_compressor_chorus_delay_reverb_1114.wav,Riff2.wav,"compressor,chorus,delay,reverb"
Riff2_compressor_distortion_1115.wav,Riff2.wav,"compressor,distortion"
Riff2_compressor_chorus_delay_1116.wav,Riff2.wav,"compressor,chorus,delay"
Riff2_compressor_distortion_chorus_delay_1117.wav,Riff2.wav,"compressor,distortion,chorus,delay"
Riff2_distortion_chorus_delay_reverb_1118.wav,Riff2.wav,"distortion,chorus,delay,reverb"
Riff2_distortion_1119.wav,Riff2.wav,distortion
Riff2_distortion_delay_reverb_1120.wav,Riff2.wav,"distortion,delay,reverb"
Riff2_overdrive_chorus_reverb_1121.wav,Riff2.wav,"overdrive,chorus,reverb"
Riff2_compressor_distortion_delay_reverb_1122.wav,Riff2.wav,"compressor,distortion,delay,reverb"
Riff2_compressor_reverb_1123.wav,Riff2.wav,"compressor,reverb"
Riff2_compressor_distortion_delay_1124.wav,Riff2.wav,"compressor,distortion,delay"
Riff2_compressor_delay_1125.wav,Riff2.wav,"compressor,delay"
Riff2_compressor_distortion_chorus_delay_1126.wav,Riff2.wav,"compressor,distortion,chorus,delay"
Riff2_distortion_delay_reverb_1127.wav,Riff2.wav,"distortion,delay,reverb"
Riff2_distortion_delay_1128.wav,Riff2.wav,"distortion,delay"
Riff2_distortion_chorus_1129.wav,Riff2.wav,"distortion,chorus"
Riff2_compressor_overdrive_reverb_1130.wav,Riff2.wav,"compressor,overdrive,reverb"
Riff2_compressor_1131.wav,Riff2.wav,compressor
Riff2_overdrive_1132.wav,Riff2.wav,overdrive
Riff2_delay_1133.wav,Riff2.wav,delay
Riff2_compressor_distortion_chorus_delay_1134.wav,Riff2.wav,"compressor,distortion,chorus,delay"
Riff2_overdrive_1135.wav,Riff2.wav,overdrive
Riff2_overdrive_reverb_1136.wav,Riff2.wav,"overdrive,reverb"
Riff2_overdrive_1137.wav,Riff2.wav,overdrive
Riff2_distortion_1138.wav,Riff2.wav,distortion
Riff2_compressor_1139.wav,Riff2.wav,compressor
Riff2_compressor_overdrive_delay_1140.wav,Riff2.wav,"compressor,overdrive,delay"
Riff2_distortion_chorus_delay_reverb_1141.wav,Riff2.wav,"distortion,chorus,delay,reverb"
Riff2_compressor_distortion_1142.wav,Riff2.wav,"compressor,distortion"
Riff2_compressor_overdrive_delay_1143.wav,Riff2.wav,"compressor,overdrive,delay"
Riff2_compressor_distortion_delay_1144.wav,Riff2.wav,"compressor,distortion,delay"
Riff2_distortion_chorus_1145.wav,Riff2.wav,"distortion,chorus"
Riff2_compressor_distortion_reverb_1146.wav,Riff2.wav,"compressor,distortion,reverb"
Riff2_compressor_distortion_chorus_1147.wav,Riff2.wav,"compressor,distortion,chorus"
Riff2_delay_reverb_1148.wav,Riff2.wav,"delay,reverb"
Riff2_delay_reverb_1149.wav,Riff2.wav,"delay,reverb"
Riff2_compressor_distortion_1150.wav,Riff2.wav,"compressor,distortion"
Riff2_compressor_distortion_reverb_1151.wav,Riff2.wav,"compressor,distortion,reverb"
Riff2_overdrive_delay_1152.wav,Riff2.wav,"overdrive,delay"
Riff2_distortion_1153.wav,Riff2.wav,distortion
Riff2_compressor_overdrive_reverb_1154.wav,Riff2.wav,"compressor,overdrive,reverb"
Riff2_compressor_overdrive_reverb_1155.wav,Riff2.wav,"compressor,overdrive,reverb"
Riff2_distortion_chorus_reverb_1156.wav,Riff2.wav,"distortion,chorus,reverb"
Riff2_distortion_delay_1157.wav,Riff2.wav,"distortion,delay"
Riff2_overdrive_chorus_1158.wav,Riff2.wav,"overdrive,chorus"
Riff2_overdrive_chorus_1159.wav,Riff2.wav,"overdrive,chorus"
Riff2_distortion_delay_reverb_1160.wav,Riff2.wav,"distortion,delay,reverb"
Riff2_compressor_distortion_delay_1161.wav,Riff2.wav,"compressor,distortion,delay"
Riff2_chorus_reverb_1162.wav,Riff2.wav,"chorus,reverb"
Riff2_compressor_overdrive_delay_1163.wav,Riff2.wav,"compressor,overdrive,delay"
Riff2_compressor_overdrive_delay_reverb_1164.wav,Riff2.wav,"compressor,overdrive,delay,reverb"
Riff2_reverb_1165.wav,Riff2.wav,reverb
Riff2_distortion_reverb_1166.wav,Riff2.wav,"distortion,reverb"
Riff2_overdrive_delay_reverb_1167.wav,Riff2.wav,"overdrive,delay,reverb"
Riff2_compressor_distortion_chorus_1168.wav,Riff2.wav,"compressor,distortion,chorus"
Riff2_overdrive_1169.wav,Riff2.wav,overdrive
Riff2_distortion_1170.wav,Riff2.wav,distortion
Riff2_overdrive_reverb_1171.wav,Riff2.wav,"overdrive,reverb"
Riff2_distortion_chorus_reverb_1172.wav,Riff2.wav,"distortion,chorus,reverb"
Riff2_compressor_distortion_1173.wav,Riff2.wav,"compressor,distortion"
Riff2_overdrive_chorus_delay_reverb_1174.wav,Riff2.wav,"overdrive,chorus,delay,reverb"
Riff2_compressor_overdrive_delay_1175.wav,Riff2.wav,"compressor,overdrive,delay"
Riff2_overdrive_chorus_1176.wav,Riff2.wav,"overdrive,chorus"
Riff2_compressor_overdrive_delay_1177.wav,Riff2.wav,"compressor,overdrive,delay"
Riff2_distortion_chorus_delay_1178.wav,Riff2.wav,"distortion,chorus,delay"
Riff2_overdrive_chorus_delay_1179.wav,Riff2.wav,"overdrive,chorus,delay"
Riff2_compressor_chorus_1180.wav,Riff2.wav,"compressor,chorus"
Riff2_overdrive_chorus_1181.wav,Riff2.wav,"overdrive,chorus"
Riff2_compressor_overdrive_delay_1182.wav,Riff2.wav,"compressor,overdrive,delay"
Riff2_distortion_delay_reverb_1183.wav,Riff2.wav,"distortion,delay,reverb"
Riff2_overdrive_1184.wav,Riff2.wav,overdrive
Riff2_compressor_distortion_1185.wav,Riff2.wav,"compressor,distortion"
Riff2_compressor_delay_1186.wav,Riff2.wav,"compressor,delay"
Riff2_overdrive_delay_1187.wav,Riff2.wav,"overdrive,delay"
Riff2_delay_1188.wav,Riff2.wav,delay
Riff2_overdrive_1189.wav,Riff2.wav,overdrive
Riff2_compressor_distortion_delay_reverb_1190.wav,Riff2.wav,"compressor,distortion,delay,reverb"
Riff2_distortion_chorus_delay_reverb_1191.wav,Riff2.wav,"distortion,chorus,delay,reverb"
Riff2_compressor_distortion_1192.wav,Riff2.wav,"compressor,distortion"
Riff2_delay_1193.wav,Riff2.wav,delay
Riff2_compressor_chorus_1194.wav,Riff2.wav,"compressor,chorus"
Riff2_distortion_chorus_reverb_1195.wav,Riff2.wav,"distortion,chorus,reverb"
Riff2_distortion_delay_reverb_1196.wav,Riff2.wav,"distortion,delay,reverb"
Riff2_compressor_reverb_1197.wav,Riff2.wav,"compressor,reverb"
Riff2_overdrive_1198.wav,Riff2.wav,overdrive
Riff2_overdrive_1199.wav,Riff2.wav,overdrive
